year,id_match,match_number,stage,group,home_team,away_team,date_utc,time_utc,local_date,local_time
1930,1096,1.0,Group Matches,Group 1,FRA,MEX,1930-07-13,18:00,1930-07-13,15:00
1930,1090,2.0,Group Matches,Group 4,USA,BEL,1930-07-13,18:00,1930-07-13,15:00
1930,1093,3.0,Group Matches,Group 2,YUG,BRA,1930-07-14,15:45,1930-07-14,12:45
1930,1098,4.0,Group Matches,Group 3,ROU,PER,1930-07-14,17:50,1930-07-14,14:50
1930,1085,5.0,Group Matches,Group 1,ARG,FRA,1930-07-15,19:00,1930-07-15,16:00
1930,1095,6.0,Group Matches,Group 1,CHI,MEX,1930-07-16,17:45,1930-07-16,14:45
1930,1092,7.0,Group Matches,Group 2,YUG,BOL,1930-07-17,15:45,1930-07-17,12:45
1930,1097,8.0,Group Matches,Group 4,USA,PAR,1930-07-17,17:45,1930-07-17,14:45
1930,1099,9.0,Group Matches,Group 3,URU,PER,1930-07-18,17:30,1930-07-18,14:30
1930,1094,10.0,Group Matches,Group 1,CHI,FRA,1930-07-19,15:50,1930-07-19,12:50
1930,1086,11.0,Group Matches,Group 1,ARG,MEX,1930-07-19,18:00,1930-07-19,15:00
1930,1091,12.0,Group Matches,Group 2,BRA,BOL,1930-07-20,16:00,1930-07-20,13:00
1930,1089,13.0,Group Matches,Group 4,PAR,BEL,1930-07-20,18:00,1930-07-20,15:00
1930,1100,14.0,Group Matches,Group 3,URU,ROU,1930-07-21,17:50,1930-07-21,14:50
1930,1084,15.0,Group Matches,Group 1,ARG,CHI,1930-07-22,17:45,1930-07-22,14:45
1930,1088,16.0,Semi-final,,ARG,USA,1930-07-26,17:45,1930-07-26,14:45
1930,1101,17.0,Semi-final,,URU,YUG,1930-07-27,17:45,1930-07-27,14:45
1930,1087,18.0,Final,,URU,ARG,1930-07-30,17:15,1930-07-30,14:15
1934,1141,8.0,Preliminary Round,,TCH,ROU,1934-05-27,14:30,1934-05-27,16:30
1934,1108,3.0,Preliminary Round,,GER,BEL,1934-05-27,14:30,1934-05-27,16:30
1934,1104,2.0,Preliminary Round,,AUT,FRA,1934-05-27,14:30,1934-05-27,16:30
1934,1133,6.0,Preliminary Round,,SUI,NED,1934-05-27,14:30,1934-05-27,16:30
1934,1111,4.0,Preliminary Round,,ESP,BRA,1934-05-27,14:30,1934-05-27,16:30
1934,1102,1.0,Preliminary Round,,SWE,ARG,1934-05-27,14:30,1934-05-27,16:30
1934,1135,7.0,Preliminary Round,,ITA,USA,1934-05-27,14:30,1934-05-27,16:30
1934,1119,5.0,Preliminary Round,,HUN,EGY,1934-05-27,14:30,1934-05-27,16:30
1934,1143,9.0,Quarter-final,,TCH,SUI,1934-05-31,14:30,1934-05-31,16:30
1934,1129,10.0,Quarter-final,,GER,SWE,1934-05-31,14:30,1934-05-31,16:30
1934,1106,12.0,Quarter-final,,AUT,HUN,1934-05-31,14:30,1934-05-31,16:30
1934,1122,11.0,Quarter-final,,ITA,ESP,1934-05-31,14:30,1934-05-31,16:30
1934,1123,13.0,Quarter-final,,ITA,ESP,1934-06-01,14:30,1934-06-01,16:30
1934,1107,14.0,Semi-final,,ITA,AUT,1934-06-03,14:30,1934-06-03,16:30
1934,1130,15.0,Semi-final,,TCH,GER,1934-06-03,14:30,1934-06-03,16:30
1934,1105,16.0,Match for third place,,GER,AUT,1934-06-07,16:00,1934-06-07,18:00
1934,1134,17.0,Final,,ITA,TCH,1934-06-10,15:30,1934-06-10,17:30
1938,1165,1.0,1st Round,,SUI,GER,1938-06-04,15:00,1938-06-04,17:00
1938,1173,2.0,1st Round,,HUN,INH,1938-06-05,15:00,1938-06-05,17:00
1938,1146,3.0,1st Round,,FRA,BEL,1938-06-05,15:00,1938-06-05,17:00
1938,1179,5.0,1st Round,,ITA,NOR,1938-06-05,15:00,1938-06-05,17:00
1938,1156,4.0,1st Round,,CUB,ROU,1938-06-05,15:00,1938-06-05,17:00
1938,1150,6.0,1st Round,,BRA,POL,1938-06-05,15:30,1938-06-05,17:30
1938,1172,7.0,1st Round,,TCH,NED,1938-06-05,16:30,1938-06-05,18:30
1938,1166,9.0,1st Round,,SUI,GER,1938-06-09,16:00,1938-06-09,18:00
1938,1157,8.0,1st Round,,CUB,ROU,1938-06-09,16:00,1938-06-09,18:00
1938,1175,11.0,Quarter-final,,HUN,SUI,1938-06-12,15:00,1938-06-12,17:00
1938,1164,13.0,Quarter-final,,ITA,FRA,1938-06-12,15:00,1938-06-12,17:00
1938,1152,10.0,Quarter-final,,BRA,TCH,1938-06-12,15:00,1938-06-12,17:00
1938,1158,12.0,Quarter-final,,SWE,CUB,1938-06-12,15:00,1938-06-12,17:00
1938,1153,14.0,Quarter-final,,BRA,TCH,1938-06-14,16:00,1938-06-14,18:00
1938,1149,16.0,Semi-final,,ITA,BRA,1938-06-16,16:00,1938-06-16,18:00
1938,1176,15.0,Semi-final,,HUN,SWE,1938-06-16,16:00,1938-06-16,18:00
1938,1151,17.0,Match for third place,,BRA,SWE,1938-06-19,15:00,1938-06-19,17:00
1938,1174,18.0,Final,,ITA,HUN,1938-06-19,15:00,1938-06-19,17:00
1950,1187,1.0,Group Matches,Group 1,BRA,MEX,1950-06-24,18:00,1950-06-24,15:00
1950,1230,5.0,Group Matches,Group 1,YUG,SUI,1950-06-25,18:00,1950-06-25,15:00
1950,1192,2.0,Group Matches,Group 2,ENG,CHI,1950-06-25,18:00,1950-06-25,15:00
1950,1208,3.0,Group Matches,Group 2,ESP,USA,1950-06-25,18:00,1950-06-25,15:00
1950,1219,4.0,Group Matches,Group 3,SWE,ITA,1950-06-25,18:00,1950-06-25,15:00
1950,1225,7.0,Group Matches,Group 1,YUG,MEX,1950-06-28,18:00,1950-06-28,15:00
1950,1188,6.0,Group Matches,Group 1,BRA,SUI,1950-06-28,18:00,1950-06-28,15:00
1950,1202,10.0,Group Matches,Group 2,USA,ENG,1950-06-29,18:00,1950-06-29,15:00
1950,1193,8.0,Group Matches,Group 2,ESP,CHI,1950-06-29,18:00,1950-06-29,15:00
1950,1228,9.0,Group Matches,Group 3,SWE,PAR,1950-06-29,18:30,1950-06-29,15:30
1950,1191,11.0,Group Matches,Group 1,BRA,YUG,1950-07-01,18:00,1950-07-01,15:00
1950,1199,12.0,Group Matches,Group 2,ESP,ENG,1950-07-02,18:00,1950-07-02,15:00
1950,1194,15.0,Group Matches,Group 2,CHI,USA,1950-07-02,18:00,1950-07-02,15:00
1950,1185,16.0,Group Matches,Group 4,URU,BOL,1950-07-02,18:00,1950-07-02,15:00
1950,1218,13.0,Group Matches,Group 3,ITA,PAR,1950-07-02,18:00,1950-07-02,15:00
1950,1222,14.0,Group Matches,Group 1,SUI,MEX,1950-07-02,18:40,1950-07-02,15:40
1950,1189,18.0,Final Round,,BRA,SWE,1950-07-09,18:00,1950-07-09,15:00
1950,1207,17.0,Final Round,,URU,ESP,1950-07-09,18:00,1950-07-09,15:00
1950,1231,20.0,Final Round,,URU,SWE,1950-07-13,18:00,1950-07-13,15:00
1950,1186,19.0,Final Round,,BRA,ESP,1950-07-13,18:00,1950-07-13,15:00
1950,1190,22.0,Final Round,,URU,BRA,1950-07-16,18:00,1950-07-16,15:00
1950,1206,21.0,Final Round,,SWE,ESP,1950-07-16,18:00,1950-07-16,15:00
1954,1236,2.0,Group Matches,Group 3,AUT,SCO,1954-06-16,16:00,1954-06-16,18:00
1954,1249,3.0,Group Matches,Group 1,BRA,MEX,1954-06-16,16:00,1954-06-16,18:00
1954,1276,4.0,Group Matches,Group 1,YUG,FRA,1954-06-16,16:00,1954-06-16,18:00
1954,1315,1.0,Group Matches,Group 3,URU,TCH,1954-06-16,16:00,1954-06-16,18:00
1954,1300,7.0,Group Matches,Group 4,SUI,ITA,1954-06-17,15:50,1954-06-17,17:50
1954,1294,8.0,Group Matches,Group 2,HUN,KOR,1954-06-17,16:00,1954-06-17,18:00
1954,1283,5.0,Group Matches,Group 2,FRG,TUR,1954-06-17,16:00,1954-06-17,18:00
1954,1240,6.0,Group Matches,Group 4,ENG,BEL,1954-06-17,16:10,1954-06-17,18:10
1954,1313,12.0,Group Matches,Group 3,URU,SCO,1954-06-19,14:50,1954-06-19,16:50
1954,1252,10.0,Group Matches,Group 1,BRA,YUG,1954-06-19,15:00,1954-06-19,17:00
1954,1238,9.0,Group Matches,Group 3,AUT,TCH,1954-06-19,15:00,1954-06-19,17:00
1954,1275,11.0,Group Matches,Group 1,FRA,MEX,1954-06-19,15:10,1954-06-19,17:10
1954,1263,13.0,Group Matches,Group 4,ENG,SUI,1954-06-20,15:10,1954-06-20,17:10
1954,1243,16.0,Group Matches,Group 4,ITA,BEL,1954-06-20,15:00,1954-06-20,17:00
1954,1277,14.0,Group Matches,Group 2,HUN,FRG,1954-06-20,14:50,1954-06-20,16:50
1954,1304,15.0,Group Matches,Group 2,TUR,KOR,1954-06-20,15:00,1954-06-20,17:00
1954,1284,,Group Matches,Group 2,FRG,TUR,1954-06-23,16:00,1954-06-23,18:00
1954,1301,,Group Matches,Group 4,SUI,ITA,1954-06-23,16:00,1954-06-23,18:00
1954,1237,19.0,Quarter-final,,AUT,SUI,1954-06-26,15:00,1954-06-26,17:00
1954,1264,20.0,Quarter-final,,URU,ENG,1954-06-26,15:00,1954-06-26,17:00
1954,1285,17.0,Quarter-final,,FRG,YUG,1954-06-27,15:00,1954-06-27,17:00
1954,1248,18.0,Quarter-final,,HUN,BRA,1954-06-27,15:00,1954-06-27,17:00
1954,1233,21.0,Semi-final,,FRG,AUT,1954-06-30,16:00,1954-06-30,18:00
1954,1295,22.0,Semi-final,,HUN,URU,1954-06-30,16:00,1954-06-30,18:00
1954,1239,23.0,Match for third place,,AUT,URU,1954-07-03,15:00,1954-07-03,17:00
1954,1278,24.0,Final,,FRG,HUN,1954-07-04,15:00,1954-07-04,17:00
1958,1415,1.0,Group Matches,Group 3,SWE,MEX,1958-06-08,12:00,1958-06-08,14:00
1958,1386,3.0,Group Matches,Group 2,FRA,PAR,1958-06-08,17:00,1958-06-08,19:00
1958,1323,7.0,Group Matches,Group 1,ARG,FRG,1958-06-08,17:00,1958-06-08,19:00
1958,1372,5.0,Group Matches,Group 4,URS,ENG,1958-06-08,17:00,1958-06-08,19:00
1958,1407,2.0,Group Matches,Group 3,HUN,WAL,1958-06-08,17:00,1958-06-08,19:00
1958,1421,8.0,Group Matches,Group 1,NIR,TCH,1958-06-08,17:00,1958-06-08,19:00
1958,1434,4.0,Group Matches,Group 2,YUG,SCO,1958-06-08,17:00,1958-06-08,19:00
1958,1326,6.0,Group Matches,Group 4,BRA,AUT,1958-06-08,17:00,1958-06-08,19:00
1958,1418,9.0,Group Matches,Group 3,MEX,WAL,1958-06-11,17:00,1958-06-11,19:00
1958,1423,10.0,Group Matches,Group 2,PAR,SCO,1958-06-11,17:00,1958-06-11,19:00
1958,1324,15.0,Group Matches,Group 1,ARG,NIR,1958-06-11,17:00,1958-06-11,19:00
1958,1332,13.0,Group Matches,Group 4,URS,AUT,1958-06-11,17:00,1958-06-11,19:00
1958,1339,12.0,Group Matches,Group 4,BRA,ENG,1958-06-11,17:00,1958-06-11,19:00
1958,1388,11.0,Group Matches,Group 2,YUG,FRA,1958-06-11,17:00,1958-06-11,19:00
1958,1391,14.0,Group Matches,Group 1,FRG,TCH,1958-06-11,17:00,1958-06-11,19:00
1958,1406,16.0,Group Matches,Group 3,SWE,HUN,1958-06-12,17:00,1958-06-12,19:00
1958,1403,18.0,Group Matches,Group 3,HUN,MEX,1958-06-15,17:00,1958-06-15,19:00
1958,1327,22.0,Group Matches,Group 4,ENG,AUT,1958-06-15,17:00,1958-06-15,19:00
1958,1344,21.0,Group Matches,Group 4,BRA,URS,1958-06-15,17:00,1958-06-15,19:00
1958,1389,23.0,Group Matches,Group 1,FRG,NIR,1958-06-15,17:00,1958-06-15,19:00
1958,1426,19.0,Group Matches,Group 2,PAR,YUG,1958-06-15,17:00,1958-06-15,19:00
1958,1325,24.0,Group Matches,Group 1,TCH,ARG,1958-06-15,17:00,1958-06-15,19:00
1958,1438,17.0,Group Matches,Group 3,SWE,WAL,1958-06-15,12:00,1958-06-15,14:00
1958,1387,20.0,Group Matches,Group 2,FRA,SCO,1958-06-15,17:00,1958-06-15,19:00
1958,1408,33.0,Group Matches,Group 3,WAL,HUN,1958-06-17,17:00,1958-06-17,19:00
1958,1373,37.0,Group Matches,Group 4,URS,ENG,1958-06-17,17:00,1958-06-17,19:00
1958,1422,39.0,Group Matches,Group 1,NIR,TCH,1958-06-17,17:00,1958-06-17,19:00
1958,1392,28.0,Quarter-final,,FRG,YUG,1958-06-19,17:00,1958-06-19,19:00
1958,1437,25.0,Quarter-final,,SWE,URS,1958-06-19,17:00,1958-06-19,19:00
1958,1345,27.0,Quarter-final,,BRA,WAL,1958-06-19,17:00,1958-06-19,19:00
1958,1385,26.0,Quarter-final,,FRA,NIR,1958-06-19,17:00,1958-06-19,19:00
1958,1340,29.0,Semi-final,,BRA,FRA,1958-06-24,17:00,1958-06-24,19:00
1958,1390,30.0,Semi-final,,SWE,FRG,1958-06-24,17:00,1958-06-24,19:00
1958,1382,31.0,Match for third place,,FRA,FRG,1958-06-28,15:00,1958-06-28,17:00
1958,1343,32.0,Final,,BRA,SWE,1958-06-29,13:00,1958-06-29,15:00
1962,1473,2.0,Group Matches,Group 2,CHI,SUI,1962-05-30,19:00,1962-05-30,15:00
1962,1479,1.0,Group Matches,Group 1,URU,COL,1962-05-30,19:00,1962-05-30,15:00
1962,1461,3.0,Group Matches,Group 3,BRA,MEX,1962-05-30,19:00,1962-05-30,15:00
1962,1447,4.0,Group Matches,Group 4,ARG,BUL,1962-05-30,19:00,1962-05-30,15:00
1962,1490,8.0,Group Matches,Group 4,HUN,ENG,1962-05-31,19:00,1962-05-31,15:00
1962,1563,5.0,Group Matches,Group 1,URS,YUG,1962-05-31,19:00,1962-05-31,15:00
1962,1507,6.0,Group Matches,Group 2,FRG,ITA,1962-05-31,19:00,1962-05-31,15:00
1962,1498,7.0,Group Matches,Group 3,TCH,ESP,1962-05-31,19:00,1962-05-31,15:00
1962,1450,12.0,Group Matches,Group 4,ENG,ARG,1962-06-02,19:00,1962-06-02,15:00
1962,1564,9.0,Group Matches,Group 1,YUG,URU,1962-06-02,19:00,1962-06-02,15:00
1962,1472,10.0,Group Matches,Group 2,CHI,ITA,1962-06-02,19:00,1962-06-02,15:00
1962,1462,11.0,Group Matches,Group 3,BRA,TCH,1962-06-02,19:00,1962-06-02,15:00
1962,1470,16.0,Group Matches,Group 4,HUN,BUL,1962-06-03,19:00,1962-06-03,15:00
1962,1497,15.0,Group Matches,Group 3,ESP,MEX,1962-06-03,19:00,1962-06-03,15:00
1962,1478,13.0,Group Matches,Group 1,URS,COL,1962-06-03,19:00,1962-06-03,15:00
1962,1510,14.0,Group Matches,Group 2,FRG,SUI,1962-06-03,19:00,1962-06-03,15:00
1962,1471,18.0,Group Matches,Group 2,FRG,CHI,1962-06-06,19:00,1962-06-06,15:00
1962,1460,19.0,Group Matches,Group 3,BRA,ESP,1962-06-06,19:00,1962-06-06,15:00
1962,1562,17.0,Group Matches,Group 1,URS,URU,1962-06-06,19:00,1962-06-06,15:00
1962,1451,20.0,Group Matches,Group 4,HUN,ARG,1962-06-06,19:00,1962-06-06,15:00
1962,1464,24.0,Group Matches,Group 4,ENG,BUL,1962-06-07,19:00,1962-06-07,15:00
1962,1544,23.0,Group Matches,Group 3,MEX,TCH,1962-06-07,19:00,1962-06-07,15:00
1962,1480,21.0,Group Matches,Group 1,YUG,COL,1962-06-07,19:00,1962-06-07,15:00
1962,1532,22.0,Group Matches,Group 2,ITA,SUI,1962-06-07,19:00,1962-06-07,15:00
1962,1474,25.0,Quarter-final,,CHI,URS,1962-06-10,18:30,1962-06-10,14:30
1962,1525,28.0,Quarter-final,,TCH,HUN,1962-06-10,18:30,1962-06-10,14:30
1962,1511,26.0,Quarter-final,,YUG,FRG,1962-06-10,18:30,1962-06-10,14:30
1962,1459,27.0,Quarter-final,,BRA,ENG,1962-06-10,18:30,1962-06-10,14:30
1962,1559,30.0,Semi-final,,TCH,YUG,1962-06-13,18:30,1962-06-13,14:30
1962,1458,29.0,Semi-final,,BRA,CHI,1962-06-13,18:30,1962-06-13,14:30
1962,1475,31.0,Match for third place,,CHI,YUG,1962-06-16,18:30,1962-06-16,14:30
1962,1463,32.0,Final,,BRA,TCH,1962-06-17,18:30,1962-06-17,14:30
1966,1636,1.0,Group Matches,Group 1,ENG,URU,1966-07-11,18:30,1966-07-11,19:30
1966,1656,2.0,Group Matches,Group 2,FRG,SUI,1966-07-12,18:30,1966-07-12,19:30
1966,1596,3.0,Group Matches,Group 3,BRA,BUL,1966-07-12,18:30,1966-07-12,19:30
1966,1710,4.0,Group Matches,Group 4,URS,PRK,1966-07-12,18:30,1966-07-12,19:30
1966,1578,6.0,Group Matches,Group 2,ARG,ESP,1966-07-13,18:30,1966-07-13,19:30
1966,1650,5.0,Group Matches,Group 1,FRA,MEX,1966-07-13,18:30,1966-07-13,19:30
1966,1675,7.0,Group Matches,Group 3,POR,HUN,1966-07-13,18:30,1966-07-13,19:30
1966,1608,8.0,Group Matches,Group 4,ITA,CHI,1966-07-13,18:30,1966-07-13,19:30
1966,1641,10.0,Group Matches,Group 2,ESP,SUI,1966-07-15,18:30,1966-07-15,19:30
1966,1597,11.0,Group Matches,Group 3,HUN,BRA,1966-07-15,18:30,1966-07-15,19:30
1966,1653,9.0,Group Matches,Group 1,URU,FRA,1966-07-15,18:30,1966-07-15,19:30
1966,1609,12.0,Group Matches,Group 4,PRK,CHI,1966-07-15,18:30,1966-07-15,19:30
1966,1602,15.0,Group Matches,Group 3,POR,BUL,1966-07-16,14:00,1966-07-16,15:00
1966,1634,13.0,Group Matches,Group 1,ENG,MEX,1966-07-16,18:30,1966-07-16,19:30
1966,1579,14.0,Group Matches,Group 2,FRG,ARG,1966-07-16,14:00,1966-07-16,15:00
1966,1682,16.0,Group Matches,Group 4,URS,ITA,1966-07-16,14:00,1966-07-16,15:00
1966,1689,17.0,Group Matches,Group 1,URU,MEX,1966-07-19,15:30,1966-07-19,16:30
1966,1582,18.0,Group Matches,Group 2,ARG,SUI,1966-07-19,18:30,1966-07-19,19:30
1966,1598,19.0,Group Matches,Group 3,POR,BRA,1966-07-19,18:30,1966-07-19,19:30
1966,1679,20.0,Group Matches,Group 4,PRK,ITA,1966-07-19,18:30,1966-07-19,19:30
1966,1599,23.0,Group Matches,Group 3,HUN,BUL,1966-07-20,18:30,1966-07-20,19:30
1966,1632,21.0,Group Matches,Group 1,ENG,FRA,1966-07-20,18:30,1966-07-20,19:30
1966,1637,22.0,Group Matches,Group 2,FRG,ESP,1966-07-20,18:30,1966-07-20,19:30
1966,1610,24.0,Group Matches,Group 4,URS,CHI,1966-07-20,18:30,1966-07-20,19:30
1966,1676,27.0,Quarter-final,,URS,HUN,1966-07-23,14:00,1966-07-23,15:00
1966,1702,28.0,Quarter-final,,POR,PRK,1966-07-23,14:00,1966-07-23,15:00
1966,1660,26.0,Quarter-final,,FRG,URU,1966-07-23,14:00,1966-07-23,15:00
1966,1577,25.0,Quarter-final,,ENG,ARG,1966-07-23,14:00,1966-07-23,15:00
1966,1659,29.0,Semi-final,,FRG,URS,1966-07-25,18:30,1966-07-25,19:30
1966,1635,30.0,Semi-final,,ENG,POR,1966-07-26,18:30,1966-07-26,19:30
1966,1709,31.0,Match for third place,,POR,URS,1966-07-28,18:30,1966-07-28,19:30
1966,1633,32.0,Final,,ENG,FRG,1966-07-30,14:00,1966-07-30,15:00
1970,1902,1.0,Group Matches,Group 1,MEX,URS,1970-05-31,17:00,1970-05-31,12:00
1970,1881,2.0,Group Matches,Group 2,URU,ISR,1970-06-02,21:00,1970-06-02,16:00
1970,1812,3.0,Group Matches,Group 3,ENG,ROU,1970-06-02,21:00,1970-06-02,16:00
1970,1780,4.0,Group Matches,Group 4,PER,BUL,1970-06-02,21:00,1970-06-02,16:00
1970,1770,7.0,Group Matches,Group 3,BRA,TCH,1970-06-03,21:00,1970-06-03,16:00
1970,1747,5.0,Group Matches,Group 1,BEL,SLV,1970-06-03,21:00,1970-06-03,16:00
1970,1883,6.0,Group Matches,Group 2,ITA,SWE,1970-06-03,21:00,1970-06-03,16:00
1970,1839,8.0,Group Matches,Group 4,FRG,MAR,1970-06-03,21:00,1970-06-03,16:00
1970,1893,12.0,Group Matches,Group 4,PER,MAR,1970-06-06,21:00,1970-06-06,16:00
1970,1919,11.0,Group Matches,Group 3,ROU,TCH,1970-06-06,21:00,1970-06-06,16:00
1970,1753,9.0,Group Matches,Group 1,URS,BEL,1970-06-06,21:00,1970-06-06,16:00
1970,1884,10.0,Group Matches,Group 2,URU,ITA,1970-06-06,21:00,1970-06-06,16:00
1970,1820,13.0,Group Matches,Group 1,MEX,SLV,1970-06-07,17:00,1970-06-07,12:00
1970,1774,16.0,Group Matches,Group 4,FRG,BUL,1970-06-07,17:00,1970-06-07,12:00
1970,1764,15.0,Group Matches,Group 3,BRA,ENG,1970-06-07,17:00,1970-06-07,12:00
1970,1880,14.0,Group Matches,Group 2,SWE,ISR,1970-06-07,17:00,1970-06-07,12:00
1970,1823,17.0,Group Matches,Group 1,URS,SLV,1970-06-10,21:00,1970-06-10,16:00
1970,1922,18.0,Group Matches,Group 2,SWE,URU,1970-06-10,21:00,1970-06-10,16:00
1970,1840,20.0,Group Matches,Group 4,FRG,PER,1970-06-10,21:00,1970-06-10,16:00
1970,1769,19.0,Group Matches,Group 3,BRA,ROU,1970-06-10,21:00,1970-06-10,16:00
1970,1813,23.0,Group Matches,Group 3,ENG,TCH,1970-06-11,21:00,1970-06-11,16:00
1970,1877,22.0,Group Matches,Group 2,ITA,ISR,1970-06-11,21:00,1970-06-11,16:00
1970,1752,21.0,Group Matches,Group 1,MEX,BEL,1970-06-11,21:00,1970-06-11,16:00
1970,1779,24.0,Group Matches,Group 4,BUL,MAR,1970-06-11,21:00,1970-06-11,16:00
1970,1925,25.0,Quarter-final,,URU,URS,1970-06-14,17:00,1970-06-14,12:00
1970,1768,27.0,Quarter-final,,BRA,PER,1970-06-14,17:00,1970-06-14,12:00
1970,1811,28.0,Quarter-final,,FRG,ENG,1970-06-14,17:00,1970-06-14,12:00
1970,1882,26.0,Quarter-final,,ITA,MEX,1970-06-14,17:00,1970-06-14,12:00
1970,1771,29.0,Semi-final,,BRA,URU,1970-06-17,21:00,1970-06-17,16:00
1970,1838,30.0,Semi-final,,ITA,FRG,1970-06-17,21:00,1970-06-17,16:00
1970,1843,31.0,Match for third place,,FRG,URU,1970-06-20,21:00,1970-06-20,16:00
1970,1765,32.0,Final,,BRA,ITA,1970-06-21,17:00,1970-06-21,12:00
1974,1986,3.0,Group Matches,Group 2,BRA,YUG,1974-06-13,15:00,1974-06-13,17:00
1974,2003,1.0,Group Matches,Group 1,FRG,CHI,1974-06-14,14:00,1974-06-14,16:00
1974,1955,2.0,Group Matches,Group 1,GDR,AUS,1974-06-14,17:30,1974-06-14,19:30
1974,2176,4.0,Group Matches,Group 2,ZAI,SCO,1974-06-14,17:30,1974-06-14,19:30
1974,1995,6.0,Group Matches,Group 3,SWE,BUL,1974-06-15,14:00,1974-06-15,16:00
1974,2098,5.0,Group Matches,Group 3,URU,NED,1974-06-15,14:00,1974-06-15,16:00
1974,2083,7.0,Group Matches,Group 4,ITA,HAI,1974-06-15,16:00,1974-06-15,18:00
1974,1952,8.0,Group Matches,Group 4,POL,ARG,1974-06-15,16:00,1974-06-15,18:00
1974,2186,11.0,Group Matches,Group 2,YUG,ZAI,1974-06-18,17:30,1974-06-18,19:30
1974,1985,12.0,Group Matches,Group 2,SCO,BRA,1974-06-18,17:30,1974-06-18,19:30
1974,1954,10.0,Group Matches,Group 1,AUS,FRG,1974-06-18,14:00,1974-06-18,16:00
1974,2004,9.0,Group Matches,Group 1,CHI,GDR,1974-06-18,17:30,1974-06-18,19:30
1974,2085,15.0,Group Matches,Group 4,HAI,POL,1974-06-19,17:30,1974-06-19,19:30
1974,2097,13.0,Group Matches,Group 3,NED,SWE,1974-06-19,17:30,1974-06-19,19:30
1974,1996,14.0,Group Matches,Group 3,BUL,URU,1974-06-19,17:30,1974-06-19,19:30
1974,1949,16.0,Group Matches,Group 4,ARG,ITA,1974-06-19,17:30,1974-06-19,19:30
1974,2062,18.0,Group Matches,Group 1,GDR,FRG,1974-06-22,17:30,1974-06-22,19:30
1974,1987,20.0,Group Matches,Group 2,ZAI,BRA,1974-06-22,14:00,1974-06-22,16:00
1974,1953,17.0,Group Matches,Group 1,AUS,CHI,1974-06-22,14:00,1974-06-22,16:00
1974,2175,19.0,Group Matches,Group 2,SCO,YUG,1974-06-22,14:00,1974-06-22,16:00
1974,1990,21.0,Group Matches,Group 3,BUL,NED,1974-06-23,14:00,1974-06-23,16:00
1974,2129,24.0,Group Matches,Group 4,POL,ITA,1974-06-23,14:00,1974-06-23,16:00
1974,2181,22.0,Group Matches,Group 3,SWE,URU,1974-06-23,14:00,1974-06-23,16:00
1974,1947,23.0,Group Matches,Group 4,ARG,HAI,1974-06-23,14:00,1974-06-23,16:00
1974,2167,28.0,Second Round,Group B,SWE,POL,1974-06-26,17:30,1974-06-26,19:30
1974,1948,26.0,Second Round,Group A,NED,ARG,1974-06-26,17:30,1974-06-26,19:30
1974,2066,27.0,Second Round,Group B,YUG,FRG,1974-06-26,14:00,1974-06-26,16:00
1974,1982,25.0,Second Round,Group A,BRA,GDR,1974-06-26,17:30,1974-06-26,19:30
1974,2170,32.0,Second Round,Group B,POL,YUG,1974-06-30,14:00,1974-06-30,16:00
1974,2067,29.0,Second Round,Group A,GDR,NED,1974-06-30,14:00,1974-06-30,16:00
1974,1945,30.0,Second Round,Group A,ARG,BRA,1974-06-30,14:00,1974-06-30,16:00
1974,2065,31.0,Second Round,Group B,FRG,SWE,1974-06-30,17:30,1974-06-30,19:30
1974,1983,34.0,Second Round,Group A,NED,BRA,1974-07-03,17:30,1974-07-03,19:30
1974,2064,35.0,Second Round,Group B,POL,FRG,1974-07-03,15:00,1974-07-03,17:00
1974,1946,33.0,Second Round,Group A,ARG,GDR,1974-07-03,17:30,1974-07-03,19:30
1974,2182,36.0,Second Round,Group B,SWE,YUG,1974-07-03,17:30,1974-07-03,19:30
1974,1984,37.0,Match for third place,,BRA,POL,1974-07-06,14:00,1974-07-06,16:00
1974,2063,38.0,Final,,NED,FRG,1974-07-07,14:00,1974-07-07,16:00
1978,2351,1.0,Group Matches,Group 2,FRG,POL,1978-06-01,18:00,1978-06-01,15:00
1978,2347,3.0,Group Matches,Group 1,ITA,FRA,1978-06-02,16:45,1978-06-02,13:45
1978,2433,4.0,Group Matches,Group 2,TUN,MEX,1978-06-02,19:45,1978-06-02,16:45
1978,2199,2.0,Group Matches,Group 1,ARG,HUN,1978-06-02,22:15,1978-06-02,19:15
1978,2253,6.0,Group Matches,Group 3,SWE,BRA,1978-06-03,16:45,1978-06-03,13:45
1978,2216,5.0,Group Matches,Group 3,AUT,ESP,1978-06-03,16:45,1978-06-03,13:45
1978,2388,8.0,Group Matches,Group 4,NED,IRN,1978-06-03,19:45,1978-06-03,16:45
1978,2451,7.0,Group Matches,Group 4,PER,SCO,1978-06-03,19:45,1978-06-03,16:45
1978,2197,9.0,Group Matches,Group 1,ARG,FRA,1978-06-06,22:15,1978-06-06,19:15
1978,2350,12.0,Group Matches,Group 2,FRG,MEX,1978-06-06,19:45,1978-06-06,16:45
1978,2396,10.0,Group Matches,Group 1,ITA,HUN,1978-06-06,16:45,1978-06-06,13:45
1978,2454,11.0,Group Matches,Group 2,POL,TUN,1978-06-06,19:45,1978-06-06,16:45
1978,2394,16.0,Group Matches,Group 4,NED,PER,1978-06-07,19:45,1978-06-07,16:45
1978,2246,14.0,Group Matches,Group 3,BRA,ESP,1978-06-07,16:45,1978-06-07,13:45
1978,2224,13.0,Group Matches,Group 3,AUT,SWE,1978-06-07,16:45,1978-06-07,13:45
1978,2408,15.0,Group Matches,Group 4,SCO,IRN,1978-06-07,19:45,1978-06-07,16:45
1978,2200,17.0,Group Matches,Group 1,ITA,ARG,1978-06-10,22:15,1978-06-10,19:15
1978,2431,19.0,Group Matches,Group 2,POL,MEX,1978-06-10,19:45,1978-06-10,16:45
1978,2344,18.0,Group Matches,Group 1,FRA,HUN,1978-06-10,18:10,1978-06-10,15:10
1978,2352,20.0,Group Matches,Group 2,FRG,TUN,1978-06-10,19:45,1978-06-10,16:45
1978,2215,22.0,Group Matches,Group 3,BRA,AUT,1978-06-11,16:45,1978-06-11,13:45
1978,2337,21.0,Group Matches,Group 3,ESP,SWE,1978-06-11,16:45,1978-06-11,13:45
1978,2395,24.0,Group Matches,Group 4,SCO,NED,1978-06-11,19:45,1978-06-11,16:45
1978,2405,23.0,Group Matches,Group 4,PER,IRN,1978-06-11,19:45,1978-06-11,16:45
1978,2202,26.0,Second Round,Group B,ARG,POL,1978-06-14,22:15,1978-06-14,19:15
1978,2251,28.0,Second Round,Group B,BRA,PER,1978-06-14,19:45,1978-06-14,16:45
1978,2220,27.0,Second Round,Group A,NED,AUT,1978-06-14,16:45,1978-06-14,13:45
1978,2349,25.0,Second Round,Group A,FRG,ITA,1978-06-14,16:45,1978-06-14,13:45
1978,2450,32.0,Second Round,Group B,POL,PER,1978-06-18,16:45,1978-06-18,13:45
1978,2348,31.0,Second Round,Group A,FRG,NED,1978-06-18,19:45,1978-06-18,16:45
1978,2221,29.0,Second Round,Group A,ITA,AUT,1978-06-18,19:45,1978-06-18,16:45
1978,2196,30.0,Second Round,Group B,ARG,BRA,1978-06-18,22:15,1978-06-18,19:15
1978,2252,36.0,Second Round,Group B,BRA,POL,1978-06-21,19:45,1978-06-21,16:45
1978,2391,33.0,Second Round,Group A,NED,ITA,1978-06-21,16:45,1978-06-21,13:45
1978,2217,35.0,Second Round,Group A,AUT,FRG,1978-06-21,16:45,1978-06-21,13:45
1978,2201,34.0,Second Round,Group B,ARG,PER,1978-06-21,22:15,1978-06-21,19:15
1978,2247,37.0,Match for third place,,BRA,ITA,1978-06-24,18:00,1978-06-24,15:00
1978,2198,38.0,Final,,ARG,NED,1978-06-25,18:00,1978-06-25,15:00
1982,749,1.0,Group Matches,Group 3,ARG,BEL,1982-06-13,18:00,1982-06-13,20:00
1982,995,2.0,Group Matches,Group 1,ITA,POL,1982-06-14,15:15,1982-06-14,17:15
1982,791,3.0,Group Matches,Group 6,BRA,URS,1982-06-14,19:00,1982-06-14,21:00
1982,833,4.0,Group Matches,Group 1,PER,CMR,1982-06-15,15:15,1982-06-15,17:15
1982,896,5.0,Group Matches,Group 3,HUN,SLV,1982-06-15,19:00,1982-06-15,21:00
1982,1051,6.0,Group Matches,Group 6,SCO,NZL,1982-06-15,19:00,1982-06-15,21:00
1982,878,8.0,Group Matches,Group 4,ENG,FRA,1982-06-16,15:15,1982-06-16,17:15
1982,741,7.0,Group Matches,Group 2,FRG,ALG,1982-06-16,15:15,1982-06-16,17:15
1982,901,9.0,Group Matches,Group 5,ESP,HON,1982-06-16,19:00,1982-06-16,21:00
1982,764,10.0,Group Matches,Group 2,CHI,AUT,1982-06-17,15:15,1982-06-17,17:15
1982,1012,11.0,Group Matches,Group 4,TCH,KUW,1982-06-17,15:45,1982-06-17,17:45
1982,1044,12.0,Group Matches,Group 5,YUG,NIR,1982-06-17,19:00,1982-06-17,21:00
1982,790,15.0,Group Matches,Group 6,BRA,SCO,1982-06-18,19:00,1982-06-18,21:00
1982,994,13.0,Group Matches,Group 1,ITA,PER,1982-06-18,15:15,1982-06-18,17:15
1982,752,14.0,Group Matches,Group 3,ARG,HUN,1982-06-18,19:00,1982-06-18,21:00
1982,834,16.0,Group Matches,Group 1,POL,CMR,1982-06-19,17:15,1982-06-19,19:15
1982,1054,18.0,Group Matches,Group 6,URS,NZL,1982-06-19,19:00,1982-06-19,21:00
1982,774,17.0,Group Matches,Group 3,BEL,SLV,1982-06-19,19:00,1982-06-19,21:00
1982,813,19.0,Group Matches,Group 2,FRG,CHI,1982-06-20,15:15,1982-06-20,17:15
1982,889,20.0,Group Matches,Group 4,ENG,TCH,1982-06-20,15:15,1982-06-20,17:15
1982,903,21.0,Group Matches,Group 5,ESP,YUG,1982-06-20,19:00,1982-06-20,21:00
1982,959,24.0,Group Matches,Group 5,HON,NIR,1982-06-21,19:00,1982-06-21,21:00
1982,919,23.0,Group Matches,Group 4,FRA,KUW,1982-06-21,15:15,1982-06-21,17:15
1982,739,22.0,Group Matches,Group 2,ALG,AUT,1982-06-21,15:15,1982-06-21,17:15
1982,1071,27.0,Group Matches,Group 6,URS,SCO,1982-06-22,19:00,1982-06-22,21:00
1982,779,26.0,Group Matches,Group 3,BEL,HUN,1982-06-22,19:00,1982-06-22,21:00
1982,1055,25.0,Group Matches,Group 1,POL,PER,1982-06-22,15:15,1982-06-22,17:15
1982,828,28.0,Group Matches,Group 1,ITA,CMR,1982-06-23,15:15,1982-06-23,17:15
1982,789,30.0,Group Matches,Group 6,BRA,NZL,1982-06-23,19:00,1982-06-23,21:00
1982,751,29.0,Group Matches,Group 3,ARG,SLV,1982-06-23,19:00,1982-06-23,21:00
1982,922,32.0,Group Matches,Group 4,FRA,TCH,1982-06-24,15:15,1982-06-24,17:15
1982,740,31.0,Group Matches,Group 2,ALG,CHI,1982-06-24,15:15,1982-06-24,17:15
1982,962,33.0,Group Matches,Group 5,HON,YUG,1982-06-24,19:00,1982-06-24,21:00
1982,882,35.0,Group Matches,Group 4,ENG,KUW,1982-06-25,15:15,1982-06-25,17:15
1982,770,34.0,Group Matches,Group 2,FRG,AUT,1982-06-25,15:15,1982-06-25,17:15
1982,902,36.0,Group Matches,Group 5,NIR,ESP,1982-06-25,19:00,1982-06-25,21:00
1982,767,37.0,Second Round,Group D,AUT,FRA,1982-06-28,15:15,1982-06-28,17:15
1982,782,38.0,Second Round,Group A,POL,BEL,1982-06-28,19:00,1982-06-28,21:00
1982,879,40.0,Second Round,Group B,FRG,ENG,1982-06-29,19:00,1982-06-29,21:00
1982,753,39.0,Second Round,Group C,ITA,ARG,1982-06-29,15:15,1982-06-29,17:15
1982,771,41.0,Second Round,Group D,AUT,NIR,1982-07-01,15:15,1982-07-01,17:15
1982,783,42.0,Second Round,Group A,BEL,URS,1982-07-01,19:00,1982-07-01,21:00
1982,750,43.0,Second Round,Group C,ARG,BRA,1982-07-02,15:15,1982-07-02,17:15
1982,900,44.0,Second Round,Group B,FRG,ESP,1982-07-02,19:00,1982-07-02,21:00
1982,920,45.0,Second Round,Group D,FRA,NIR,1982-07-04,15:15,1982-07-04,17:15
1982,1058,46.0,Second Round,Group A,POL,URS,1982-07-04,19:00,1982-07-04,21:00
1982,788,47.0,Second Round,Group C,ITA,BRA,1982-07-05,15:15,1982-07-05,17:15
1982,877,48.0,Second Round,Group B,ESP,ENG,1982-07-05,19:00,1982-07-05,21:00
1982,996,49.0,Semi-final,,POL,ITA,1982-07-08,15:15,1982-07-08,17:15
1982,914,50.0,Semi-final,,FRG,FRA,1982-07-08,19:00,1982-07-08,21:00
1982,921,51.0,Match for third place,,POL,FRA,1982-07-10,18:00,1982-07-10,20:00
1982,923,52.0,Final,,ITA,FRG,1982-07-11,18:00,1982-07-11,20:00
1986,459,1.0,Group Matches,Group A,BUL,ITA,1986-05-31,17:00,1986-05-31,12:00
1986,439,3.0,Group Matches,Group D,ESP,BRA,1986-06-01,17:00,1986-06-01,12:00
1986,468,2.0,Group Matches,Group C,CAN,FRA,1986-06-01,21:00,1986-06-01,16:00
1986,610,5.0,Group Matches,Group C,URS,HUN,1986-06-02,17:00,1986-06-02,12:00
1986,395,4.0,Group Matches,Group A,ARG,KOR,1986-06-02,17:00,1986-06-02,12:00
1986,674,6.0,Group Matches,Group F,MAR,POL,1986-06-02,21:00,1986-06-02,16:00
1986,379,8.0,Group Matches,Group D,ALG,NIR,1986-06-03,17:00,1986-06-03,12:00
1986,428,7.0,Group Matches,Group B,BEL,MEX,1986-06-03,17:00,1986-06-03,12:00
1986,538,9.0,Group Matches,Group F,POR,ENG,1986-06-03,21:00,1986-06-03,16:00
1986,585,11.0,Group Matches,Group E,URU,FRG,1986-06-04,17:00,1986-06-04,12:00
1986,517,12.0,Group Matches,Group E,SCO,DEN,1986-06-04,21:00,1986-06-04,16:00
1986,628,10.0,Group Matches,Group B,PAR,IRQ,1986-06-04,17:00,1986-06-04,12:00
1986,571,15.0,Group Matches,Group C,FRA,URS,1986-06-05,17:00,1986-06-05,12:00
1986,394,13.0,Group Matches,Group A,ITA,ARG,1986-06-05,17:00,1986-06-05,12:00
1986,460,14.0,Group Matches,Group A,KOR,BUL,1986-06-05,21:00,1986-06-05,16:00
1986,475,16.0,Group Matches,Group C,HUN,CAN,1986-06-06,17:00,1986-06-06,12:00
1986,377,17.0,Group Matches,Group D,BRA,ALG,1986-06-06,17:00,1986-06-06,12:00
1986,533,18.0,Group Matches,Group F,ENG,MAR,1986-06-06,21:00,1986-06-06,16:00
1986,680,19.0,Group Matches,Group B,MEX,PAR,1986-06-07,17:00,1986-06-07,12:00
1986,551,20.0,Group Matches,Group D,NIR,ESP,1986-06-07,17:00,1986-06-07,12:00
1986,701,21.0,Group Matches,Group F,POL,POR,1986-06-07,21:00,1986-06-07,16:00
1986,580,23.0,Group Matches,Group E,FRG,SCO,1986-06-08,17:00,1986-06-08,12:00
1986,427,22.0,Group Matches,Group B,IRQ,BEL,1986-06-08,17:00,1986-06-08,12:00
1986,522,24.0,Group Matches,Group E,DEN,URU,1986-06-08,21:00,1986-06-08,16:00
1986,476,26.0,Group Matches,Group C,URS,CAN,1986-06-09,17:00,1986-06-09,12:00
1986,567,25.0,Group Matches,Group C,HUN,FRA,1986-06-09,17:00,1986-06-09,12:00
1986,389,28.0,Group Matches,Group A,ARG,BUL,1986-06-10,17:00,1986-06-10,12:00
1986,643,27.0,Group Matches,Group A,KOR,ITA,1986-06-10,17:00,1986-06-10,12:00
1986,627,29.0,Group Matches,Group B,IRQ,MEX,1986-06-11,17:00,1986-06-11,12:00
1986,429,30.0,Group Matches,Group B,PAR,BEL,1986-06-11,17:00,1986-06-11,12:00
1986,675,31.0,Group Matches,Group F,POR,MAR,1986-06-11,21:00,1986-06-11,16:00
1986,537,32.0,Group Matches,Group F,ENG,POL,1986-06-11,21:00,1986-06-11,16:00
1986,378,34.0,Group Matches,Group D,ALG,ESP,1986-06-12,17:00,1986-06-12,12:00
1986,441,33.0,Group Matches,Group D,NIR,BRA,1986-06-12,17:00,1986-06-12,12:00
1986,512,35.0,Group Matches,Group E,DEN,FRG,1986-06-13,17:00,1986-06-13,12:00
1986,712,36.0,Group Matches,Group E,SCO,URU,1986-06-13,17:00,1986-06-13,12:00
1986,432,38.0,Round of 16,,URS,BEL,1986-06-15,21:00,1986-06-15,16:00
1986,463,37.0,Round of 16,,MEX,BUL,1986-06-15,17:00,1986-06-15,12:00
1986,398,39.0,Round of 16,,ARG,URU,1986-06-16,21:00,1986-06-16,16:00
1986,444,40.0,Round of 16,,BRA,POL,1986-06-16,17:00,1986-06-16,12:00
1986,568,41.0,Round of 16,,ITA,FRA,1986-06-17,17:00,1986-06-17,12:00
1986,574,42.0,Round of 16,,MAR,FRG,1986-06-17,21:00,1986-06-17,16:00
1986,536,43.0,Round of 16,,ENG,PAR,1986-06-18,17:00,1986-06-18,12:00
1986,511,44.0,Round of 16,,DEN,ESP,1986-06-18,21:00,1986-06-18,16:00
1986,440,45.0,Quarter-final,,BRA,FRA,1986-06-21,17:00,1986-06-21,12:00
1986,575,46.0,Quarter-final,,FRG,MEX,1986-06-21,21:00,1986-06-21,16:00
1986,392,48.0,Quarter-final,,ARG,ENG,1986-06-22,17:00,1986-06-22,12:00
1986,421,47.0,Quarter-final,,ESP,BEL,1986-06-22,21:00,1986-06-22,16:00
1986,564,50.0,Semi-final,,FRA,FRG,1986-06-25,17:00,1986-06-25,12:00
1986,388,49.0,Semi-final,,ARG,BEL,1986-06-25,21:00,1986-06-25,16:00
1986,422,51.0,Match for third place,,FRA,BEL,1986-06-28,17:00,1986-06-28,12:00
1986,393,52.0,Final,,ARG,FRG,1986-06-29,17:00,1986-06-29,12:00
1990,26,1.0,Group Matches,Group B,ARG,CMR,1990-06-08,16:00,1990-06-08,18:00
1990,119,4.0,Group Matches,Group D,UAE,COL,1990-06-09,15:00,1990-06-09,17:00
1990,342,2.0,Group Matches,Group B,URS,ROU,1990-06-09,15:00,1990-06-09,17:00
1990,42,3.0,Group Matches,Group A,ITA,AUT,1990-06-09,19:00,1990-06-09,21:00
1990,355,5.0,Group Matches,Group A,USA,TCH,1990-06-10,15:00,1990-06-10,17:00
1990,201,7.0,Group Matches,Group D,FRG,YUG,1990-06-10,19:00,1990-06-10,21:00
1990,75,6.0,Group Matches,Group C,BRA,SWE,1990-06-10,19:00,1990-06-10,21:00
1990,127,8.0,Group Matches,Group C,CRC,SCO,1990-06-11,15:00,1990-06-11,17:00
1990,161,9.0,Group Matches,Group F,ENG,IRL,1990-06-11,19:00,1990-06-11,21:00
1990,57,10.0,Group Matches,Group E,BEL,KOR,1990-06-12,15:00,1990-06-12,17:00
1990,151,11.0,Group Matches,Group F,NED,EGY,1990-06-12,19:00,1990-06-12,21:00
1990,30,13.0,Group Matches,Group B,ARG,URS,1990-06-13,19:00,1990-06-13,21:00
1990,180,12.0,Group Matches,Group E,URU,ESP,1990-06-13,15:00,1990-06-13,17:00
1990,120,14.0,Group Matches,Group D,YUG,COL,1990-06-14,15:00,1990-06-14,17:00
1990,108,16.0,Group Matches,Group B,CMR,ROU,1990-06-14,15:00,1990-06-14,17:00
1990,265,15.0,Group Matches,Group A,ITA,USA,1990-06-14,19:00,1990-06-14,21:00
1990,43,17.0,Group Matches,Group A,AUT,TCH,1990-06-15,15:00,1990-06-15,17:00
1990,198,18.0,Group Matches,Group D,FRG,UAE,1990-06-15,19:00,1990-06-15,21:00
1990,73,19.0,Group Matches,Group C,BRA,CRC,1990-06-16,15:00,1990-06-16,17:00
1990,348,20.0,Group Matches,Group C,SWE,SCO,1990-06-16,19:00,1990-06-16,21:00
1990,160,21.0,Group Matches,Group F,ENG,NED,1990-06-16,19:00,1990-06-16,21:00
1990,152,22.0,Group Matches,Group F,IRL,EGY,1990-06-17,15:00,1990-06-17,17:00
1990,66,23.0,Group Matches,Group E,BEL,URU,1990-06-17,19:00,1990-06-17,21:00
1990,175,24.0,Group Matches,Group E,KOR,ESP,1990-06-17,19:00,1990-06-17,21:00
1990,29,25.0,Group Matches,Group B,ARG,ROU,1990-06-18,19:00,1990-06-18,21:00
1990,111,26.0,Group Matches,Group B,CMR,URS,1990-06-18,19:00,1990-06-18,21:00
1990,114,27.0,Group Matches,Group D,FRG,COL,1990-06-19,15:00,1990-06-19,17:00
1990,364,28.0,Group Matches,Group D,YUG,UAE,1990-06-19,15:00,1990-06-19,17:00
1990,48,30.0,Group Matches,Group A,AUT,USA,1990-06-19,19:00,1990-06-19,21:00
1990,263,29.0,Group Matches,Group A,ITA,TCH,1990-06-19,19:00,1990-06-19,21:00
1990,128,32.0,Group Matches,Group C,SWE,CRC,1990-06-20,19:00,1990-06-20,21:00
1990,74,31.0,Group Matches,Group C,BRA,SCO,1990-06-20,19:00,1990-06-20,21:00
1990,56,33.0,Group Matches,Group E,BEL,ESP,1990-06-21,15:00,1990-06-21,17:00
1990,290,34.0,Group Matches,Group E,KOR,URU,1990-06-21,15:00,1990-06-21,17:00
1990,228,36.0,Group Matches,Group F,IRL,NED,1990-06-21,19:00,1990-06-21,21:00
1990,150,35.0,Group Matches,Group F,ENG,EGY,1990-06-21,19:00,1990-06-21,21:00
1990,129,38.0,Round of 16,,TCH,CRC,1990-06-23,19:00,1990-06-23,21:00
1990,102,37.0,Round of 16,,CMR,COL,1990-06-23,15:00,1990-06-23,17:00
1990,196,40.0,Round of 16,,FRG,NED,1990-06-24,19:00,1990-06-24,21:00
1990,25,39.0,Round of 16,,BRA,ARG,1990-06-24,15:00,1990-06-24,17:00
1990,248,41.0,Round of 16,,IRL,ROU,1990-06-25,15:00,1990-06-25,17:00
1990,264,42.0,Round of 16,,ITA,URU,1990-06-25,19:00,1990-06-25,21:00
1990,181,43.0,Round of 16,,ESP,YUG,1990-06-26,15:00,1990-06-26,17:00
1990,55,44.0,Round of 16,,ENG,BEL,1990-06-26,19:00,1990-06-26,21:00
1990,31,45.0,Quarter-final,,YUG,ARG,1990-06-30,15:00,1990-06-30,17:00
1990,243,46.0,Quarter-final,,ITA,IRL,1990-06-30,19:00,1990-06-30,21:00
1990,197,47.0,Quarter-final,,FRG,TCH,1990-07-01,15:00,1990-07-01,17:00
1990,103,48.0,Quarter-final,,ENG,CMR,1990-07-01,19:00,1990-07-01,21:00
1990,28,49.0,Semi-final,,ITA,ARG,1990-07-03,18:00,1990-07-03,20:00
1990,159,50.0,Semi-final,,FRG,ENG,1990-07-04,18:00,1990-07-04,20:00
1990,162,51.0,Match for third place,,ITA,ENG,1990-07-07,18:00,1990-07-07,20:00
1990,27,52.0,Final,,FRG,ARG,1990-07-08,18:00,1990-07-08,20:00
1994,3049,1.0,Group Matches,Group C,GER,BOL,1994-06-17,20:00,1994-06-17,15:00
1994,3050,2.0,Group Matches,Group C,ESP,KOR,1994-06-18,00:30,1994-06-17,19:30
1994,3051,3.0,Group Matches,Group A,USA,SUI,1994-06-18,15:30,1994-06-18,11:30
1994,3052,4.0,Group Matches,Group E,ITA,IRL,1994-06-18,20:00,1994-06-18,16:00
1994,3053,5.0,Group Matches,Group A,COL,ROU,1994-06-19,02:30,1994-06-18,19:30
1994,3054,6.0,Group Matches,Group F,BEL,MAR,1994-06-19,16:30,1994-06-19,12:30
1994,3055,7.0,Group Matches,Group E,NOR,MEX,1994-06-19,20:00,1994-06-19,16:00
1994,3056,8.0,Group Matches,Group B,CMR,SWE,1994-06-20,02:30,1994-06-19,19:30
1994,3057,9.0,Group Matches,Group B,BRA,RUS,1994-06-20,23:00,1994-06-20,16:00
1994,3058,10.0,Group Matches,Group F,NED,KSA,1994-06-20,23:30,1994-06-20,19:30
1994,3060,12.0,Group Matches,Group C,GER,ESP,1994-06-21,21:00,1994-06-21,16:00
1994,3059,11.0,Group Matches,Group D,ARG,GRE,1994-06-21,16:30,1994-06-21,12:30
1994,3061,13.0,Group Matches,Group D,NGA,BUL,1994-06-22,00:30,1994-06-21,19:30
1994,3062,14.0,Group Matches,Group A,ROU,SUI,1994-06-22,20:00,1994-06-22,16:00
1994,3063,15.0,Group Matches,Group A,USA,COL,1994-06-23,02:30,1994-06-22,19:30
1994,3064,16.0,Group Matches,Group E,ITA,NOR,1994-06-23,20:00,1994-06-23,16:00
1994,3065,17.0,Group Matches,Group C,KOR,BOL,1994-06-23,23:30,1994-06-23,19:30
1994,3066,18.0,Group Matches,Group E,MEX,IRL,1994-06-24,16:30,1994-06-24,12:30
1994,3067,19.0,Group Matches,Group B,BRA,CMR,1994-06-24,23:00,1994-06-24,16:00
1994,3068,20.0,Group Matches,Group B,SWE,RUS,1994-06-24,23:30,1994-06-24,19:30
1994,3071,23.0,Group Matches,Group D,ARG,NGA,1994-06-25,20:00,1994-06-25,16:00
1994,3070,22.0,Group Matches,Group F,KSA,MAR,1994-06-25,16:30,1994-06-25,12:30
1994,3069,21.0,Group Matches,Group F,BEL,NED,1994-06-25,16:30,1994-06-25,12:30
1994,3073,25.0,Group Matches,Group A,USA,ROU,1994-06-26,23:00,1994-06-26,16:00
1994,3074,26.0,Group Matches,Group A,SUI,COL,1994-06-26,23:00,1994-06-26,16:00
1994,3072,24.0,Group Matches,Group D,BUL,GRE,1994-06-26,17:30,1994-06-26,12:30
1994,3076,28.0,Group Matches,Group C,GER,KOR,1994-06-27,21:00,1994-06-27,16:00
1994,3075,27.0,Group Matches,Group C,BOL,ESP,1994-06-27,21:00,1994-06-27,16:00
1994,3078,30.0,Group Matches,Group E,ITA,MEX,1994-06-28,16:30,1994-06-28,12:30
1994,3077,29.0,Group Matches,Group E,IRL,NOR,1994-06-28,16:30,1994-06-28,12:30
1994,3080,32.0,Group Matches,Group B,BRA,SWE,1994-06-28,20:00,1994-06-28,16:00
1994,3079,31.0,Group Matches,Group B,RUS,CMR,1994-06-28,23:00,1994-06-28,16:00
1994,3082,34.0,Group Matches,Group F,BEL,KSA,1994-06-29,16:30,1994-06-29,12:30
1994,3081,33.0,Group Matches,Group F,MAR,NED,1994-06-29,16:30,1994-06-29,12:30
1994,3083,35.0,Group Matches,Group D,GRE,NGA,1994-06-30,23:30,1994-06-30,19:30
1994,3084,36.0,Group Matches,Group D,ARG,BUL,1994-07-01,00:30,1994-06-30,19:30
1994,3086,38.0,Round of 16,,ESP,SUI,1994-07-02,20:30,1994-07-02,16:30
1994,3085,37.0,Round of 16,,GER,BEL,1994-07-02,17:00,1994-07-02,12:00
1994,3088,40.0,Round of 16,,ROU,ARG,1994-07-03,20:30,1994-07-03,13:30
1994,3087,39.0,Round of 16,,KSA,SWE,1994-07-03,17:00,1994-07-03,12:00
1994,3089,41.0,Round of 16,,NED,IRL,1994-07-04,16:00,1994-07-04,12:00
1994,3090,42.0,Round of 16,,BRA,USA,1994-07-04,19:30,1994-07-04,12:30
1994,3091,43.0,Round of 16,,NGA,ITA,1994-07-05,17:00,1994-07-05,13:00
1994,3092,44.0,Round of 16,,MEX,BUL,1994-07-05,20:30,1994-07-05,16:30
1994,3097,45.0,Quarter-final,,ITA,ESP,1994-07-09,16:00,1994-07-09,12:00
1994,3098,46.0,Quarter-final,,NED,BRA,1994-07-09,19:30,1994-07-09,14:30
1994,3096,47.0,Quarter-final,,BUL,GER,1994-07-10,16:00,1994-07-10,12:00
1994,3095,48.0,Quarter-final,,ROU,SWE,1994-07-10,19:30,1994-07-10,12:30
1994,3100,49.0,Semi-final,,BUL,ITA,1994-07-13,20:00,1994-07-13,16:00
1994,3099,50.0,Semi-final,,SWE,BRA,1994-07-13,23:30,1994-07-13,16:30
1994,3103,51.0,Match for third place,,SWE,BUL,1994-07-16,19:30,1994-07-16,12:30
1994,3104,52.0,Final,,BRA,ITA,1994-07-17,19:30,1994-07-17,12:30
1998,4000,1.0,Group Matches,Group A,BRA,SCO,1998-06-10,15:30,1998-06-10,17:30
1998,8725,2.0,Group Matches,Group A,MAR,NOR,1998-06-10,19:00,1998-06-10,21:00
1998,8726,4.0,Group Matches,Group B,ITA,CHI,1998-06-11,15:30,1998-06-11,17:30
1998,8727,3.0,Group Matches,Group B,CMR,AUT,1998-06-11,19:00,1998-06-11,21:00
1998,8728,7.0,Group Matches,Group D,PAR,BUL,1998-06-12,12:30,1998-06-12,14:30
1998,8729,5.0,Group Matches,Group C,KSA,DEN,1998-06-12,15:30,1998-06-12,17:30
1998,8730,6.0,Group Matches,Group C,FRA,RSA,1998-06-12,19:00,1998-06-12,21:00
1998,8731,10.0,Group Matches,Group D,ESP,NGA,1998-06-13,12:30,1998-06-13,14:30
1998,8732,9.0,Group Matches,Group E,KOR,MEX,1998-06-13,15:30,1998-06-13,17:30
1998,8733,8.0,Group Matches,Group E,NED,BEL,1998-06-13,19:00,1998-06-13,21:00
1998,8734,13.0,Group Matches,Group H,ARG,JPN,1998-06-14,12:30,1998-06-14,14:30
1998,8735,12.0,Group Matches,Group F,YUG,IRN,1998-06-14,15:30,1998-06-14,17:30
1998,8736,11.0,Group Matches,Group H,JAM,CRO,1998-06-14,19:00,1998-06-14,21:00
1998,8738,14.0,Group Matches,Group F,GER,USA,1998-06-15,19:00,1998-06-15,21:00
1998,8739,15.0,Group Matches,Group G,ROU,COL,1998-06-15,15:30,1998-06-15,17:30
1998,8740,16.0,Group Matches,Group G,ENG,TUN,1998-06-15,12:30,1998-06-15,14:30
1998,8741,17.0,Group Matches,Group A,SCO,NOR,1998-06-16,15:30,1998-06-16,17:30
1998,8742,18.0,Group Matches,Group A,BRA,MAR,1998-06-16,19:00,1998-06-16,21:00
1998,8743,19.0,Group Matches,Group B,CHI,AUT,1998-06-17,15:30,1998-06-17,17:30
1998,8744,20.0,Group Matches,Group B,ITA,CMR,1998-06-17,19:00,1998-06-17,21:00
1998,8746,22.0,Group Matches,Group C,RSA,DEN,1998-06-18,15:30,1998-06-18,17:30
1998,8745,21.0,Group Matches,Group C,FRA,KSA,1998-06-18,19:00,1998-06-18,21:00
1998,8747,23.0,Group Matches,Group D,NGA,BUL,1998-06-19,15:30,1998-06-19,17:30
1998,8748,24.0,Group Matches,Group D,ESP,PAR,1998-06-19,19:00,1998-06-19,21:00
1998,8751,27.0,Group Matches,Group H,JPN,CRO,1998-06-20,12:30,1998-06-20,14:30
1998,8750,26.0,Group Matches,Group E,BEL,MEX,1998-06-20,15:30,1998-06-20,17:30
1998,8749,25.0,Group Matches,Group E,NED,KOR,1998-06-20,19:00,1998-06-20,21:00
1998,8753,29.0,Group Matches,Group F,GER,YUG,1998-06-21,12:30,1998-06-21,14:30
1998,8752,28.0,Group Matches,Group H,ARG,JAM,1998-06-21,15:30,1998-06-21,17:30
1998,8754,30.0,Group Matches,Group F,USA,IRN,1998-06-21,19:00,1998-06-21,21:00
1998,8756,32.0,Group Matches,Group G,ROU,ENG,1998-06-22,19:00,1998-06-22,21:00
1998,8755,31.0,Group Matches,Group G,COL,TUN,1998-06-22,15:30,1998-06-22,17:30
1998,8760,36.0,Group Matches,Group B,CHI,CMR,1998-06-23,14:00,1998-06-23,16:00
1998,8757,33.0,Group Matches,Group B,ITA,AUT,1998-06-23,14:00,1998-06-23,16:00
1998,8759,35.0,Group Matches,Group A,BRA,NOR,1998-06-23,19:00,1998-06-23,21:00
1998,8758,34.0,Group Matches,Group A,SCO,MAR,1998-06-23,19:00,1998-06-23,21:00
1998,8764,40.0,Group Matches,Group C,RSA,KSA,1998-06-24,14:00,1998-06-24,16:00
1998,8762,38.0,Group Matches,Group C,FRA,DEN,1998-06-24,14:00,1998-06-24,16:00
1998,8763,39.0,Group Matches,Group D,NGA,PAR,1998-06-24,19:00,1998-06-24,21:00
1998,8761,37.0,Group Matches,Group D,ESP,BUL,1998-06-24,19:00,1998-06-24,21:00
1998,8765,41.0,Group Matches,Group E,BEL,KOR,1998-06-25,14:00,1998-06-25,16:00
1998,8766,42.0,Group Matches,Group E,NED,MEX,1998-06-25,14:00,1998-06-25,16:00
1998,8767,43.0,Group Matches,Group F,GER,IRN,1998-06-25,19:00,1998-06-25,21:00
1998,8768,44.0,Group Matches,Group F,USA,YUG,1998-06-25,19:00,1998-06-25,21:00
1998,8769,45.0,Group Matches,Group G,ROU,TUN,1998-06-26,19:00,1998-06-26,21:00
1998,8770,46.0,Group Matches,Group G,COL,ENG,1998-06-26,19:00,1998-06-26,21:00
1998,8772,48.0,Group Matches,Group H,ARG,CRO,1998-06-26,14:00,1998-06-26,16:00
1998,8771,47.0,Group Matches,Group H,JPN,JAM,1998-06-26,14:00,1998-06-26,16:00
1998,8774,50.0,Round of 16,,ITA,NOR,1998-06-27,14:30,1998-06-27,16:30
1998,8773,49.0,Round of 16,,BRA,CHI,1998-06-27,19:00,1998-06-27,21:00
1998,8776,52.0,Round of 16,,FRA,PAR,1998-06-28,14:30,1998-06-28,16:30
1998,8775,51.0,Round of 16,,NGA,DEN,1998-06-28,19:00,1998-06-28,21:00
1998,8777,53.0,Round of 16,,GER,MEX,1998-06-29,14:30,1998-06-29,16:30
1998,8778,54.0,Round of 16,,NED,YUG,1998-06-29,19:00,1998-06-29,21:00
1998,8780,56.0,Round of 16,,ROU,CRO,1998-06-30,14:30,1998-06-30,16:30
1998,8779,55.0,Round of 16,,ARG,ENG,1998-06-30,19:00,1998-06-30,21:00
1998,8781,57.0,Quarter-final,,ITA,FRA,1998-07-03,14:30,1998-07-03,16:30
1998,8782,58.0,Quarter-final,,BRA,DEN,1998-07-03,19:00,1998-07-03,21:00
1998,8784,60.0,Quarter-final,,NED,ARG,1998-07-04,14:30,1998-07-04,16:30
1998,8783,59.0,Quarter-final,,GER,CRO,1998-07-04,19:00,1998-07-04,21:00
1998,8785,61.0,Semi-final,,BRA,NED,1998-07-07,19:00,1998-07-07,21:00
1998,8786,62.0,Semi-final,,FRA,CRO,1998-07-08,19:00,1998-07-08,21:00
1998,8787,63.0,Match for third place,,NED,CRO,1998-07-11,19:00,1998-07-11,21:00
1998,8788,64.0,Final,,BRA,FRA,1998-07-12,19:00,1998-07-12,21:00
2002,43950001,1.0,Group Stage,Group A,FRA,SEN,2002-05-31,11:30,2002-05-31,20:30
2002,43950002,2.0,Group Stage,Group E,IRL,CMR,2002-06-01,06:30,2002-06-01,15:30
2002,43950003,3.0,Group Stage,Group A,URU,DEN,2002-06-01,09:00,2002-06-01,18:00
2002,43950004,4.0,Group Stage,Group E,GER,KSA,2002-06-01,11:30,2002-06-01,20:30
2002,43950007,7.0,Group Stage,Group F,ARG,NGA,2002-06-02,05:30,2002-06-02,14:30
2002,43950006,6.0,Group Stage,Group B,PAR,RSA,2002-06-02,07:30,2002-06-02,16:30
2002,43950005,5.0,Group Stage,Group F,ENG,SWE,2002-06-02,09:30,2002-06-02,18:30
2002,43950008,8.0,Group Stage,Group B,ESP,SVN,2002-06-02,11:30,2002-06-02,20:30
2002,43950009,9.0,Group Stage,Group G,CRO,MEX,2002-06-03,06:30,2002-06-03,15:30
2002,43950010,10.0,Group Stage,Group C,BRA,TUR,2002-06-03,09:00,2002-06-03,18:00
2002,43950011,11.0,Group Stage,Group G,ITA,ECU,2002-06-03,11:30,2002-06-03,20:30
2002,43950012,12.0,Group Stage,Group C,CHN,CRC,2002-06-04,06:30,2002-06-04,15:30
2002,43950013,13.0,Group Stage,Group H,JPN,BEL,2002-06-04,09:00,2002-06-04,18:00
2002,43950014,14.0,Group Stage,Group D,KOR,POL,2002-06-04,11:30,2002-06-04,20:30
2002,43950017,17.0,Group Stage,Group E,GER,IRL,2002-06-05,11:30,2002-06-05,20:30
2002,43950015,15.0,Group Stage,Group H,RUS,TUN,2002-06-05,06:30,2002-06-05,15:30
2002,43950016,16.0,Group Stage,Group D,USA,POR,2002-06-05,09:00,2002-06-05,18:00
2002,43950020,20.0,Group Stage,Group A,DEN,SEN,2002-06-06,06:30,2002-06-06,15:30
2002,43950019,19.0,Group Stage,Group E,CMR,KSA,2002-06-06,09:00,2002-06-06,18:00
2002,43950018,18.0,Group Stage,Group A,FRA,URU,2002-06-06,11:30,2002-06-06,20:30
2002,43950021,21.0,Group Stage,Group F,SWE,NGA,2002-06-07,06:30,2002-06-07,15:30
2002,43950022,22.0,Group Stage,Group B,ESP,PAR,2002-06-07,09:00,2002-06-07,18:00
2002,43950023,23.0,Group Stage,Group F,ARG,ENG,2002-06-07,11:30,2002-06-07,20:30
2002,43950024,24.0,Group Stage,Group B,RSA,SVN,2002-06-08,06:30,2002-06-08,15:30
2002,43950025,25.0,Group Stage,Group G,ITA,CRO,2002-06-08,09:00,2002-06-08,18:00
2002,43950026,26.0,Group Stage,Group C,BRA,CHN,2002-06-08,11:30,2002-06-08,20:30
2002,43950029,29.0,Group Stage,Group H,JPN,RUS,2002-06-09,11:30,2002-06-09,20:30
2002,43950027,27.0,Group Stage,Group G,MEX,ECU,2002-06-09,06:30,2002-06-09,15:30
2002,43950028,28.0,Group Stage,Group C,CRC,TUR,2002-06-09,09:00,2002-06-09,18:00
2002,43950031,31.0,Group Stage,Group H,TUN,BEL,2002-06-10,09:00,2002-06-10,18:00
2002,43950032,32.0,Group Stage,Group D,POR,POL,2002-06-10,11:30,2002-06-10,20:30
2002,43950030,30.0,Group Stage,Group D,KOR,USA,2002-06-10,06:30,2002-06-10,15:30
2002,43950033,33.0,Group Stage,Group A,DEN,FRA,2002-06-11,06:30,2002-06-11,15:30
2002,43950034,34.0,Group Stage,Group A,SEN,URU,2002-06-11,06:30,2002-06-11,15:30
2002,43950036,36.0,Group Stage,Group E,KSA,IRL,2002-06-11,11:30,2002-06-11,20:30
2002,43950035,35.0,Group Stage,Group E,CMR,GER,2002-06-11,11:30,2002-06-11,20:30
2002,43950037,37.0,Group Stage,Group F,SWE,ARG,2002-06-12,06:30,2002-06-12,15:30
2002,43950038,38.0,Group Stage,Group F,NGA,ENG,2002-06-12,06:30,2002-06-12,15:30
2002,43950040,40.0,Group Stage,Group B,SVN,PAR,2002-06-12,11:30,2002-06-12,20:30
2002,43950039,39.0,Group Stage,Group B,RSA,ESP,2002-06-12,11:30,2002-06-12,20:30
2002,43950041,41.0,Group Stage,Group C,CRC,BRA,2002-06-13,06:30,2002-06-13,15:30
2002,43950042,42.0,Group Stage,Group C,TUR,CHN,2002-06-13,06:30,2002-06-13,15:30
2002,43950043,43.0,Group Stage,Group G,MEX,ITA,2002-06-13,11:30,2002-06-13,20:30
2002,43950044,44.0,Group Stage,Group G,ECU,CRO,2002-06-13,11:30,2002-06-13,20:30
2002,43950047,47.0,Group Stage,Group D,POR,KOR,2002-06-14,11:30,2002-06-14,20:30
2002,43950048,48.0,Group Stage,Group D,POL,USA,2002-06-14,11:30,2002-06-14,20:30
2002,43950046,46.0,Group Stage,Group H,BEL,RUS,2002-06-14,06:30,2002-06-14,15:30
2002,43950045,45.0,Group Stage,Group H,TUN,JPN,2002-06-14,06:30,2002-06-14,15:30
2002,43950049,49.0,Round of 16,,GER,PAR,2002-06-15,06:30,2002-06-15,15:30
2002,43950050,50.0,Round of 16,,DEN,ENG,2002-06-15,11:30,2002-06-15,20:30
2002,43950051,51.0,Round of 16,,SWE,SEN,2002-06-16,06:30,2002-06-16,15:30
2002,43950052,52.0,Round of 16,,ESP,IRL,2002-06-16,11:30,2002-06-16,20:30
2002,43950053,53.0,Round of 16,,MEX,USA,2002-06-17,06:30,2002-06-17,15:30
2002,43950054,54.0,Round of 16,,BRA,BEL,2002-06-17,11:30,2002-06-17,20:30
2002,43950055,55.0,Round of 16,,JPN,TUR,2002-06-18,06:30,2002-06-18,15:30
2002,43950056,56.0,Round of 16,,KOR,ITA,2002-06-18,11:30,2002-06-18,20:30
2002,43950057,57.0,Quarter-final,,ENG,BRA,2002-06-21,06:30,2002-06-21,15:30
2002,43950058,58.0,Quarter-final,,GER,USA,2002-06-21,11:30,2002-06-21,20:30
2002,43950059,59.0,Quarter-final,,ESP,KOR,2002-06-22,06:30,2002-06-22,15:30
2002,43950060,60.0,Quarter-final,,SEN,TUR,2002-06-22,11:30,2002-06-22,20:30
2002,43950061,61.0,Semi-final,,GER,KOR,2002-06-25,11:30,2002-06-25,20:30
2002,43950062,62.0,Semi-final,,BRA,TUR,2002-06-26,11:30,2002-06-26,20:30
2002,43950063,63.0,Match for third place,,KOR,TUR,2002-06-29,11:00,2002-06-29,20:00
2002,43950064,64.0,Final,,GER,BRA,2002-06-30,11:00,2002-06-30,20:00
2006,97410001,1.0,First stage,Group A,GER,CRC,2006-06-09,16:00,2006-06-09,18:00
2006,97410002,2.0,First stage,Group A,POL,ECU,2006-06-09,19:00,2006-06-09,21:00
2006,97410003,3.0,First stage,Group B,ENG,PAR,2006-06-10,13:00,2006-06-10,15:00
2006,97410004,4.0,First stage,Group B,TRI,SWE,2006-06-10,16:00,2006-06-10,18:00
2006,97410005,5.0,First stage,Group C,ARG,CIV,2006-06-10,19:00,2006-06-10,21:00
2006,97410006,6.0,First stage,Group C,SCG,NED,2006-06-11,13:00,2006-06-11,15:00
2006,97410007,7.0,First stage,Group D,MEX,IRN,2006-06-11,16:00,2006-06-11,18:00
2006,97410008,8.0,First stage,Group D,ANG,POR,2006-06-11,19:00,2006-06-11,21:00
2006,97410012,12.0,First stage,Group F,AUS,JPN,2006-06-12,13:00,2006-06-12,15:00
2006,97410010,10.0,First stage,Group E,USA,CZE,2006-06-12,16:00,2006-06-12,18:00
2006,97410009,9.0,First stage,Group E,ITA,GHA,2006-06-12,19:00,2006-06-12,21:00
2006,97410014,14.0,First stage,Group G,KOR,TOG,2006-06-13,13:00,2006-06-13,15:00
2006,97410013,13.0,First stage,Group G,FRA,SUI,2006-06-13,16:00,2006-06-13,18:00
2006,97410011,11.0,First stage,Group F,BRA,CRO,2006-06-13,19:00,2006-06-13,21:00
2006,97410017,17.0,First stage,Group A,GER,POL,2006-06-14,19:00,2006-06-14,21:00
2006,97410015,15.0,First stage,Group H,ESP,UKR,2006-06-14,13:00,2006-06-14,15:00
2006,97410016,16.0,First stage,Group H,TUN,KSA,2006-06-14,16:00,2006-06-14,18:00
2006,97410018,18.0,First stage,Group A,ECU,CRC,2006-06-15,13:00,2006-06-15,15:00
2006,97410019,19.0,First stage,Group B,ENG,TRI,2006-06-15,16:00,2006-06-15,18:00
2006,97410020,20.0,First stage,Group B,SWE,PAR,2006-06-15,19:00,2006-06-15,21:00
2006,97410021,21.0,First stage,Group C,ARG,SCG,2006-06-16,13:00,2006-06-16,15:00
2006,97410022,22.0,First stage,Group C,NED,CIV,2006-06-16,16:00,2006-06-16,18:00
2006,97410023,23.0,First stage,Group D,MEX,ANG,2006-06-16,19:00,2006-06-16,21:00
2006,97410024,24.0,First stage,Group D,POR,IRN,2006-06-17,13:00,2006-06-17,15:00
2006,97410026,26.0,First stage,Group E,CZE,GHA,2006-06-17,16:00,2006-06-17,18:00
2006,97410025,25.0,First stage,Group E,ITA,USA,2006-06-17,19:00,2006-06-17,21:00
2006,97410029,29.0,First stage,Group G,FRA,KOR,2006-06-18,19:00,2006-06-18,21:00
2006,97410028,28.0,First stage,Group F,JPN,CRO,2006-06-18,13:00,2006-06-18,15:00
2006,97410027,27.0,First stage,Group F,BRA,AUS,2006-06-18,16:00,2006-06-18,18:00
2006,97410032,32.0,First stage,Group H,KSA,UKR,2006-06-19,16:00,2006-06-19,18:00
2006,97410031,31.0,First stage,Group H,ESP,TUN,2006-06-19,19:00,2006-06-19,21:00
2006,97410030,30.0,First stage,Group G,TOG,SUI,2006-06-19,13:00,2006-06-19,15:00
2006,97410033,33.0,First stage,Group A,ECU,GER,2006-06-20,14:00,2006-06-20,16:00
2006,97410034,34.0,First stage,Group A,CRC,POL,2006-06-20,14:00,2006-06-20,16:00
2006,97410035,35.0,First stage,Group B,SWE,ENG,2006-06-20,19:00,2006-06-20,21:00
2006,97410036,36.0,First stage,Group B,PAR,TRI,2006-06-20,19:00,2006-06-20,21:00
2006,97410040,40.0,First stage,Group D,IRN,ANG,2006-06-21,14:00,2006-06-21,16:00
2006,97410039,39.0,First stage,Group D,POR,MEX,2006-06-21,14:00,2006-06-21,16:00
2006,97410038,38.0,First stage,Group C,CIV,SCG,2006-06-21,19:00,2006-06-21,21:00
2006,97410037,37.0,First stage,Group C,NED,ARG,2006-06-21,19:00,2006-06-21,21:00
2006,97410042,42.0,First stage,Group E,GHA,USA,2006-06-22,14:00,2006-06-22,16:00
2006,97410041,41.0,First stage,Group E,CZE,ITA,2006-06-22,14:00,2006-06-22,16:00
2006,97410044,44.0,First stage,Group F,CRO,AUS,2006-06-22,19:00,2006-06-22,21:00
2006,97410043,43.0,First stage,Group F,JPN,BRA,2006-06-22,19:00,2006-06-22,21:00
2006,97410046,46.0,First stage,Group G,SUI,KOR,2006-06-23,19:00,2006-06-23,21:00
2006,97410045,45.0,First stage,Group G,TOG,FRA,2006-06-23,19:00,2006-06-23,21:00
2006,97410048,48.0,First stage,Group H,UKR,TUN,2006-06-23,14:00,2006-06-23,16:00
2006,97410047,47.0,First stage,Group H,KSA,ESP,2006-06-23,14:00,2006-06-23,16:00
2006,97410049,49.0,Round of 16,,GER,SWE,2006-06-24,15:00,2006-06-24,17:00
2006,97410050,50.0,Round of 16,,ARG,MEX,2006-06-24,19:00,2006-06-24,21:00
2006,97410051,51.0,Round of 16,,ENG,ECU,2006-06-25,15:00,2006-06-25,17:00
2006,97410052,52.0,Round of 16,,POR,NED,2006-06-25,19:00,2006-06-25,21:00
2006,97410053,53.0,Round of 16,,ITA,AUS,2006-06-26,15:00,2006-06-26,17:00
2006,97410054,54.0,Round of 16,,SUI,UKR,2006-06-26,19:00,2006-06-26,21:00
2006,97410055,55.0,Round of 16,,BRA,GHA,2006-06-27,15:00,2006-06-27,17:00
2006,97410056,56.0,Round of 16,,ESP,FRA,2006-06-27,19:00,2006-06-27,21:00
2006,97410057,57.0,Quarter-final,,GER,ARG,2006-06-30,15:00,2006-06-30,17:00
2006,97410058,58.0,Quarter-final,,ITA,UKR,2006-06-30,19:00,2006-06-30,21:00
2006,97410059,59.0,Quarter-final,,ENG,POR,2006-07-01,15:00,2006-07-01,17:00
2006,97410060,60.0,Quarter-final,,BRA,FRA,2006-07-01,19:00,2006-07-01,21:00
2006,97410061,61.0,Semi-final,,GER,ITA,2006-07-04,19:00,2006-07-04,21:00
2006,97410062,62.0,Semi-final,,POR,FRA,2006-07-05,19:00,2006-07-05,21:00
2006,97410063,63.0,Match for third place,,GER,POR,2006-07-08,19:00,2006-07-08,21:00
2006,97410064,64.0,Final,,ITA,FRA,2006-07-09,18:00,2006-07-09,20:00
2010,300061454,1.0,First stage,Group A,RSA,MEX,2010-06-11,14:00,2010-06-11,16:00
2010,300061453,2.0,First stage,Group A,URU,FRA,2010-06-11,18:30,2010-06-11,20:30
2010,300061459,4.0,First stage,Group B,KOR,GRE,2010-06-12,11:30,2010-06-12,13:30
2010,300061460,3.0,First stage,Group B,ARG,NGA,2010-06-12,14:00,2010-06-12,16:00
2010,300061466,5.0,First stage,Group C,ENG,USA,2010-06-12,18:30,2010-06-12,20:30
2010,300061465,6.0,First stage,Group C,ALG,SVN,2010-06-13,11:30,2010-06-13,13:30
2010,300061471,8.0,First stage,Group D,SRB,GHA,2010-06-13,14:00,2010-06-13,16:00
2010,300111116,7.0,First stage,Group D,GER,AUS,2010-06-13,18:30,2010-06-13,20:30
2010,300061478,9.0,First stage,Group E,NED,DEN,2010-06-14,11:30,2010-06-14,13:30
2010,300061477,10.0,First stage,Group E,JPN,CMR,2010-06-14,14:00,2010-06-14,16:00
2010,300061484,11.0,First stage,Group F,ITA,PAR,2010-06-14,18:30,2010-06-14,20:30
2010,300061483,12.0,First stage,Group F,NZL,SVK,2010-06-15,11:30,2010-06-15,13:30
2010,300061489,13.0,First stage,Group G,CIV,POR,2010-06-15,14:00,2010-06-15,16:00
2010,300061490,14.0,First stage,Group G,BRA,PRK,2010-06-15,18:30,2010-06-15,20:30
2010,300061452,17.0,First stage,Group A,RSA,URU,2010-06-16,18:30,2010-06-16,20:30
2010,300061495,15.0,First stage,Group H,HON,CHI,2010-06-16,11:30,2010-06-16,13:30
2010,300111112,16.0,First stage,Group H,ESP,SUI,2010-06-16,14:00,2010-06-16,16:00
2010,300061458,20.0,First stage,Group B,ARG,KOR,2010-06-17,11:30,2010-06-17,13:30
2010,300061457,19.0,First stage,Group B,GRE,NGA,2010-06-17,14:00,2010-06-17,16:00
2010,300061451,18.0,First stage,Group A,FRA,MEX,2010-06-17,18:30,2010-06-17,20:30
2010,300061470,21.0,First stage,Group D,GER,SRB,2010-06-18,11:30,2010-06-18,13:30
2010,300061463,22.0,First stage,Group C,SVN,USA,2010-06-18,14:00,2010-06-18,16:00
2010,300061464,23.0,First stage,Group C,ENG,ALG,2010-06-18,18:30,2010-06-18,20:30
2010,300111117,25.0,First stage,Group E,NED,JPN,2010-06-19,11:30,2010-06-19,13:30
2010,300061469,24.0,First stage,Group D,GHA,AUS,2010-06-19,14:00,2010-06-19,16:00
2010,300061475,26.0,First stage,Group E,CMR,DEN,2010-06-19,18:30,2010-06-19,20:30
2010,300061488,29.0,First stage,Group G,BRA,CIV,2010-06-20,18:30,2010-06-20,20:30
2010,300061481,27.0,First stage,Group F,SVK,PAR,2010-06-20,11:30,2010-06-20,13:30
2010,300061482,28.0,First stage,Group F,ITA,NZL,2010-06-20,14:00,2010-06-20,16:00
2010,300061493,31.0,First stage,Group H,CHI,SUI,2010-06-21,14:00,2010-06-21,16:00
2010,300061494,32.0,First stage,Group H,ESP,HON,2010-06-21,18:30,2010-06-21,20:30
2010,300061487,30.0,First stage,Group G,POR,PRK,2010-06-21,11:30,2010-06-21,13:30
2010,300061450,33.0,First stage,Group A,MEX,URU,2010-06-22,14:00,2010-06-22,16:00
2010,300061449,34.0,First stage,Group A,FRA,RSA,2010-06-22,14:00,2010-06-22,16:00
2010,300111115,35.0,First stage,Group B,NGA,KOR,2010-06-22,18:30,2010-06-22,20:30
2010,300061455,36.0,First stage,Group B,GRE,ARG,2010-06-22,18:30,2010-06-22,20:30
2010,300061461,38.0,First stage,Group C,USA,ALG,2010-06-23,14:00,2010-06-23,16:00
2010,300061462,37.0,First stage,Group C,SVN,ENG,2010-06-23,14:00,2010-06-23,16:00
2010,300061467,40.0,First stage,Group D,AUS,SRB,2010-06-23,18:30,2010-06-23,20:30
2010,300061468,39.0,First stage,Group D,GHA,GER,2010-06-23,18:30,2010-06-23,20:30
2010,300061479,42.0,First stage,Group F,PAR,NZL,2010-06-24,14:00,2010-06-24,16:00
2010,300061480,41.0,First stage,Group F,SVK,ITA,2010-06-24,14:00,2010-06-24,16:00
2010,300061473,44.0,First stage,Group E,CMR,NED,2010-06-24,18:30,2010-06-24,20:30
2010,300061474,43.0,First stage,Group E,DEN,JPN,2010-06-24,18:30,2010-06-24,20:30
2010,300061492,48.0,First stage,Group H,SUI,HON,2010-06-25,18:30,2010-06-25,20:30
2010,300061491,47.0,First stage,Group H,CHI,ESP,2010-06-25,18:30,2010-06-25,20:30
2010,300061486,46.0,First stage,Group G,PRK,CIV,2010-06-25,14:00,2010-06-25,16:00
2010,300111111,45.0,First stage,Group G,POR,BRA,2010-06-25,14:00,2010-06-25,16:00
2010,300061504,49.0,Round of 16,,URU,KOR,2010-06-26,14:00,2010-06-26,16:00
2010,300061503,50.0,Round of 16,,USA,GHA,2010-06-26,18:30,2010-06-26,20:30
2010,300061501,51.0,Round of 16,,GER,ENG,2010-06-27,14:00,2010-06-27,16:00
2010,300061502,52.0,Round of 16,,ARG,MEX,2010-06-27,18:30,2010-06-27,20:30
2010,300111113,53.0,Round of 16,,NED,SVK,2010-06-28,14:00,2010-06-28,16:00
2010,300061500,54.0,Round of 16,,BRA,CHI,2010-06-28,18:30,2010-06-28,20:30
2010,300061497,55.0,Round of 16,,PAR,JPN,2010-06-29,14:00,2010-06-29,16:00
2010,300061498,56.0,Round of 16,,ESP,POR,2010-06-29,18:30,2010-06-29,20:30
2010,300061507,57.0,Quarter-final,,NED,BRA,2010-07-02,14:00,2010-07-02,16:00
2010,300061508,58.0,Quarter-final,,URU,GHA,2010-07-02,18:30,2010-07-02,20:30
2010,300061505,59.0,Quarter-final,,ARG,GER,2010-07-03,14:00,2010-07-03,16:00
2010,300061506,60.0,Quarter-final,,PAR,ESP,2010-07-03,18:30,2010-07-03,20:30
2010,300061512,61.0,Semi-final,,URU,NED,2010-07-06,18:30,2010-07-06,20:30
2010,300111114,62.0,Semi-final,,GER,ESP,2010-07-07,18:30,2010-07-07,20:30
2010,300061510,63.0,Match for third place,,URU,GER,2010-07-10,18:30,2010-07-10,20:30
2010,300061509,64.0,Final,,NED,ESP,2010-07-11,18:30,2010-07-11,20:30
2014,300186456,1.0,First stage,Group A,BRA,CRO,2014-06-12,20:00,2014-06-12,17:00
2014,300186492,2.0,First stage,Group A,MEX,CMR,2014-06-13,16:00,2014-06-13,13:00
2014,300186510,3.0,First stage,Group B,ESP,NED,2014-06-13,19:00,2014-06-13,16:00
2014,300186473,4.0,First stage,Group B,CHI,AUS,2014-06-13,22:00,2014-06-13,18:00
2014,300186471,5.0,First stage,Group C,COL,GRE,2014-06-14,16:00,2014-06-14,13:00
2014,300186489,7.0,First stage,Group D,URU,CRC,2014-06-14,19:00,2014-06-14,16:00
2014,300186513,8.0,First stage,Group D,ENG,ITA,2014-06-14,22:00,2014-06-14,18:00
2014,300186507,6.0,First stage,Group C,CIV,JPN,2014-06-15,01:00,2014-06-14,22:00
2014,300186494,9.0,First stage,Group E,SUI,ECU,2014-06-15,16:00,2014-06-15,13:00
2014,300186496,10.0,First stage,Group E,FRA,HON,2014-06-15,19:00,2014-06-15,16:00
2014,300186477,11.0,First stage,Group F,ARG,BIH,2014-06-15,22:00,2014-06-15,19:00
2014,300186475,13.0,First stage,Group G,GER,POR,2014-06-16,16:00,2014-06-16,13:00
2014,300186505,12.0,First stage,Group F,IRN,NGA,2014-06-16,19:00,2014-06-16,16:00
2014,300186512,14.0,First stage,Group G,GHA,USA,2014-06-16,22:00,2014-06-16,19:00
2014,300186499,16.0,First stage,Group H,RUS,KOR,2014-06-17,22:00,2014-06-17,18:00
2014,300186479,15.0,First stage,Group H,BEL,ALG,2014-06-17,16:00,2014-06-17,13:00
2014,300186509,17.0,First stage,Group A,BRA,MEX,2014-06-17,19:00,2014-06-17,16:00
2014,300186478,20.0,First stage,Group B,AUS,NED,2014-06-18,16:00,2014-06-18,13:00
2014,300186498,19.0,First stage,Group B,ESP,CHI,2014-06-18,19:00,2014-06-18,16:00
2014,300186453,18.0,First stage,Group A,CMR,CRO,2014-06-18,22:00,2014-06-18,18:00
2014,300186468,21.0,First stage,Group C,COL,CIV,2014-06-19,16:00,2014-06-19,13:00
2014,300186486,23.0,First stage,Group D,URU,ENG,2014-06-19,19:00,2014-06-19,16:00
2014,300186454,22.0,First stage,Group C,JPN,GRE,2014-06-19,22:00,2014-06-19,19:00
2014,300186500,24.0,First stage,Group D,ITA,CRC,2014-06-20,16:00,2014-06-20,13:00
2014,300186514,25.0,First stage,Group E,SUI,FRA,2014-06-20,19:00,2014-06-20,16:00
2014,300186463,26.0,First stage,Group E,HON,ECU,2014-06-20,22:00,2014-06-20,19:00
2014,300186511,28.0,First stage,Group F,NGA,BIH,2014-06-21,22:00,2014-06-21,18:00
2014,300186466,27.0,First stage,Group F,ARG,IRN,2014-06-21,16:00,2014-06-21,13:00
2014,300186493,29.0,First stage,Group G,GER,GHA,2014-06-21,19:00,2014-06-21,16:00
2014,300186495,32.0,First stage,Group H,KOR,ALG,2014-06-22,19:00,2014-06-22,16:00
2014,300186483,30.0,First stage,Group G,USA,POR,2014-06-22,22:00,2014-06-22,18:00
2014,300186481,31.0,First stage,Group H,BEL,RUS,2014-06-22,16:00,2014-06-22,13:00
2014,300186470,36.0,First stage,Group B,NED,CHI,2014-06-23,16:00,2014-06-23,13:00
2014,300186467,35.0,First stage,Group B,AUS,ESP,2014-06-23,16:00,2014-06-23,13:00
2014,300186452,34.0,First stage,Group A,CRO,MEX,2014-06-23,20:00,2014-06-23,17:00
2014,300186472,33.0,First stage,Group A,CMR,BRA,2014-06-23,20:00,2014-06-23,17:00
2014,300186484,40.0,First stage,Group D,CRC,ENG,2014-06-24,16:00,2014-06-24,13:00
2014,300186465,39.0,First stage,Group D,ITA,URU,2014-06-24,16:00,2014-06-24,13:00
2014,300186457,37.0,First stage,Group C,JPN,COL,2014-06-24,20:00,2014-06-24,16:00
2014,300186455,38.0,First stage,Group C,GRE,CIV,2014-06-24,20:00,2014-06-24,17:00
2014,300186458,43.0,First stage,Group F,NGA,ARG,2014-06-25,16:00,2014-06-25,13:00
2014,300186464,44.0,First stage,Group F,BIH,IRN,2014-06-25,16:00,2014-06-25,13:00
2014,300186515,42.0,First stage,Group E,ECU,FRA,2014-06-25,20:00,2014-06-25,17:00
2014,300186482,41.0,First stage,Group E,HON,SUI,2014-06-25,20:00,2014-06-25,16:00
2014,300186480,47.0,First stage,Group H,KOR,BEL,2014-06-26,20:00,2014-06-26,17:00
2014,300186506,48.0,First stage,Group H,ALG,RUS,2014-06-26,20:00,2014-06-26,17:00
2014,300186469,45.0,First stage,Group G,USA,GER,2014-06-26,16:00,2014-06-26,13:00
2014,300186476,46.0,First stage,Group G,POR,GHA,2014-06-26,16:00,2014-06-26,13:00
2014,300186487,49.0,Round of 16,,BRA,CHI,2014-06-28,16:00,2014-06-28,13:00
2014,300186491,50.0,Round of 16,,COL,URU,2014-06-28,20:00,2014-06-28,17:00
2014,300186508,51.0,Round of 16,,NED,MEX,2014-06-29,16:00,2014-06-29,13:00
2014,300186459,52.0,Round of 16,,CRC,GRE,2014-06-29,20:00,2014-06-29,17:00
2014,300186462,53.0,Round of 16,,FRA,NGA,2014-06-30,16:00,2014-06-30,13:00
2014,300186460,54.0,Round of 16,,GER,ALG,2014-06-30,20:00,2014-06-30,17:00
2014,300186503,55.0,Round of 16,,ARG,SUI,2014-07-01,16:00,2014-07-01,13:00
2014,300186497,56.0,Round of 16,,BEL,USA,2014-07-01,20:00,2014-07-01,17:00
2014,300186485,58.0,Quarter-final,,FRA,GER,2014-07-04,16:00,2014-07-04,13:00
2014,300186461,57.0,Quarter-final,,BRA,COL,2014-07-04,20:00,2014-07-04,17:00
2014,300186504,60.0,Quarter-final,,ARG,BEL,2014-07-05,16:00,2014-07-05,13:00
2014,300186488,59.0,Quarter-final,,NED,CRC,2014-07-05,20:00,2014-07-05,17:00
2014,300186474,61.0,Semi-final,,BRA,GER,2014-07-08,20:00,2014-07-08,17:00
2014,300186490,62.0,Semi-final,,NED,ARG,2014-07-09,20:00,2014-07-09,17:00
2014,300186502,63.0,Play-off for third place,,BRA,NED,2014-07-12,20:00,2014-07-12,17:00
2014,300186501,64.0,Final,,GER,ARG,2014-07-13,19:00,2014-07-13,16:00
2018,300331503,1.0,First stage,Group A,RUS,KSA,2018-06-14,15:00,2018-06-14,18:00
2018,300353632,2.0,First stage,Group A,EGY,URU,2018-06-15,12:00,2018-06-15,17:00
2018,300331526,4.0,First stage,Group B,MAR,IRN,2018-06-15,15:00,2018-06-15,18:00
2018,300331524,3.0,First stage,Group B,POR,ESP,2018-06-15,18:00,2018-06-15,21:00
2018,300331533,5.0,First stage,Group C,FRA,AUS,2018-06-16,10:00,2018-06-16,13:00
2018,300331515,7.0,First stage,Group D,ARG,ISL,2018-06-16,13:00,2018-06-16,16:00
2018,300331528,6.0,First stage,Group C,PER,DEN,2018-06-16,16:00,2018-06-16,19:00
2018,300331523,8.0,First stage,Group D,CRO,NGA,2018-06-16,19:00,2018-06-16,21:00
2018,300331529,10.0,First stage,Group E,CRC,SRB,2018-06-17,12:00,2018-06-17,16:00
2018,300331502,11.0,First stage,Group F,GER,MEX,2018-06-17,15:00,2018-06-17,18:00
2018,300331525,9.0,First stage,Group E,BRA,SUI,2018-06-17,18:00,2018-06-17,21:00
2018,300331499,12.0,First stage,Group F,SWE,KOR,2018-06-18,12:00,2018-06-18,15:00
2018,300331539,13.0,First stage,Group G,BEL,PAN,2018-06-18,15:00,2018-06-18,18:00
2018,300331554,14.0,First stage,Group G,TUN,ENG,2018-06-18,18:00,2018-06-18,21:00
2018,300331495,17.0,First stage,Group A,RUS,EGY,2018-06-19,18:00,2018-06-19,21:00
2018,300331550,16.0,First stage,Group H,COL,JPN,2018-06-19,12:00,2018-06-19,15:00
2018,300331545,15.0,First stage,Group H,POL,SEN,2018-06-19,15:00,2018-06-19,18:00
2018,300331511,19.0,First stage,Group B,POR,MAR,2018-06-20,12:00,2018-06-20,15:00
2018,300331530,18.0,First stage,Group A,URU,KSA,2018-06-20,15:00,2018-06-20,18:00
2018,300331496,20.0,First stage,Group B,IRN,ESP,2018-06-20,18:00,2018-06-20,21:00
2018,300331518,22.0,First stage,Group C,DEN,AUS,2018-06-21,12:00,2018-06-21,16:00
2018,300331527,21.0,First stage,Group C,FRA,PER,2018-06-21,15:00,2018-06-21,20:00
2018,300331513,23.0,First stage,Group D,ARG,CRO,2018-06-21,18:00,2018-06-21,21:00
2018,300331540,25.0,First stage,Group E,BRA,CRC,2018-06-22,12:00,2018-06-22,15:00
2018,300331497,24.0,First stage,Group D,NGA,ISL,2018-06-22,15:00,2018-06-22,18:00
2018,300340183,26.0,First stage,Group E,SRB,SUI,2018-06-22,18:00,2018-06-22,20:00
2018,300331501,27.0,First stage,Group F,GER,SWE,2018-06-23,18:00,2018-06-23,21:00
2018,300331547,29.0,First stage,Group G,BEL,TUN,2018-06-23,12:00,2018-06-23,15:00
2018,300331549,28.0,First stage,Group F,KOR,MEX,2018-06-23,15:00,2018-06-23,18:00
2018,300331505,32.0,First stage,Group H,JPN,SEN,2018-06-24,15:00,2018-06-24,20:00
2018,300331508,31.0,First stage,Group H,POL,COL,2018-06-24,18:00,2018-06-24,21:00
2018,300331546,30.0,First stage,Group G,ENG,PAN,2018-06-24,12:00,2018-06-24,15:00
2018,300331509,34.0,First stage,Group A,KSA,EGY,2018-06-25,14:00,2018-06-25,17:00
2018,300331516,33.0,First stage,Group A,URU,RUS,2018-06-25,14:00,2018-06-25,18:00
2018,300331500,35.0,First stage,Group B,IRN,POR,2018-06-25,18:00,2018-06-25,21:00
2018,300340184,36.0,First stage,Group B,ESP,MAR,2018-06-25,18:00,2018-06-25,20:00
2018,300331512,37.0,First stage,Group C,DEN,FRA,2018-06-26,14:00,2018-06-26,17:00
2018,300331506,38.0,First stage,Group C,AUS,PER,2018-06-26,14:00,2018-06-26,17:00
2018,300331519,39.0,First stage,Group D,NGA,ARG,2018-06-26,18:00,2018-06-26,21:00
2018,300331510,40.0,First stage,Group D,ISL,CRO,2018-06-26,18:00,2018-06-26,21:00
2018,300331548,44.0,First stage,Group F,MEX,SWE,2018-06-27,14:00,2018-06-27,19:00
2018,300331532,43.0,First stage,Group F,KOR,GER,2018-06-27,14:00,2018-06-27,17:00
2018,300331534,42.0,First stage,Group E,SUI,CRC,2018-06-27,18:00,2018-06-27,21:00
2018,300331521,41.0,First stage,Group E,SRB,BRA,2018-06-27,18:00,2018-06-27,21:00
2018,300331520,46.0,First stage,Group G,PAN,TUN,2018-06-28,18:00,2018-06-28,21:00
2018,300340182,45.0,First stage,Group G,ENG,BEL,2018-06-28,18:00,2018-06-28,20:00
2018,300331507,47.0,First stage,Group H,JPN,POL,2018-06-28,14:00,2018-06-28,17:00
2018,300331553,48.0,First stage,Group H,SEN,COL,2018-06-28,14:00,2018-06-28,18:00
2018,300331537,50.0,Round of 16,,FRA,ARG,2018-06-30,14:00,2018-06-30,17:00
2018,300331544,49.0,Round of 16,,URU,POR,2018-06-30,18:00,2018-06-30,21:00
2018,300331517,51.0,Round of 16,,ESP,RUS,2018-07-01,14:00,2018-07-01,17:00
2018,300331498,52.0,Round of 16,,CRO,DEN,2018-07-01,18:00,2018-07-01,21:00
2018,300331535,53.0,Round of 16,,BRA,MEX,2018-07-02,14:00,2018-07-02,18:00
2018,300331551,54.0,Round of 16,,BEL,JPN,2018-07-02,18:00,2018-07-02,21:00
2018,300331514,55.0,Round of 16,,SWE,SUI,2018-07-03,14:00,2018-07-03,17:00
2018,300331542,56.0,Round of 16,,COL,ENG,2018-07-03,18:00,2018-07-03,21:00
2018,300331543,57.0,Quarter-final,,URU,FRA,2018-07-06,14:00,2018-07-06,17:00
2018,300331538,58.0,Quarter-final,,BRA,BEL,2018-07-06,18:00,2018-07-06,21:00
2018,300331541,60.0,Quarter-final,,SWE,ENG,2018-07-07,14:00,2018-07-07,18:00
2018,300331504,59.0,Quarter-final,,RUS,CRO,2018-07-07,18:00,2018-07-07,21:00
2018,300331531,61.0,Semi-final,,FRA,BEL,2018-07-10,18:00,2018-07-10,21:00
2018,300331522,62.0,Semi-final,,CRO,ENG,2018-07-11,18:00,2018-07-11,21:00
2018,300331536,63.0,Play-off for third place,,BEL,ENG,2018-07-14,14:00,2018-07-14,17:00
2018,300331552,64.0,Final,,FRA,CRO,2018-07-15,15:00,2018-07-15,18:00
2022,400128082,1.0,First stage,Group A,QAT,ECU,2022-11-20,16:00,2022-11-20,19:00
2022,400235458,3.0,First stage,Group B,ENG,IRN,2022-11-21,13:00,2022-11-21,16:00
2022,400235449,2.0,First stage,Group A,SEN,NED,2022-11-21,16:00,2022-11-21,19:00
2022,400235455,4.0,First stage,Group B,USA,WAL,2022-11-21,19:00,2022-11-21,22:00
2022,400235461,8.0,First stage,Group C,ARG,KSA,2022-11-22,10:00,2022-11-22,13:00
2022,400235466,6.0,First stage,Group D,DEN,TUN,2022-11-22,13:00,2022-11-22,16:00
2022,400235463,7.0,First stage,Group C,MEX,POL,2022-11-22,16:00,2022-11-22,19:00
2022,400235470,5.0,First stage,Group D,FRA,AUS,2022-11-22,19:00,2022-11-22,22:00
2022,400235481,12.0,First stage,Group F,MAR,CRO,2022-11-23,10:00,2022-11-23,13:00
2022,400235476,11.0,First stage,Group E,GER,JPN,2022-11-23,13:00,2022-11-23,16:00
2022,400235472,10.0,First stage,Group E,ESP,CRC,2022-11-23,16:00,2022-11-23,19:00
2022,400235477,9.0,First stage,Group F,BEL,CAN,2022-11-23,19:00,2022-11-23,22:00
2022,400235484,16.0,First stage,Group G,BRA,SRB,2022-11-24,19:00,2022-11-24,22:00
2022,400235493,15.0,First stage,Group H,POR,GHA,2022-11-24,16:00,2022-11-24,19:00
2022,400235488,13.0,First stage,Group G,SUI,CMR,2022-11-24,10:00,2022-11-24,13:00
2022,400235491,14.0,First stage,Group H,URU,KOR,2022-11-24,13:00,2022-11-24,16:00
2022,400235453,17.0,First stage,Group B,WAL,IRN,2022-11-25,10:00,2022-11-25,13:00
2022,400235448,18.0,First stage,Group A,QAT,SEN,2022-11-25,13:00,2022-11-25,16:00
2022,400235452,19.0,First stage,Group A,NED,ECU,2022-11-25,16:00,2022-11-25,19:00
2022,400235457,20.0,First stage,Group B,ENG,USA,2022-11-25,19:00,2022-11-25,22:00
2022,400235469,21.0,First stage,Group D,TUN,AUS,2022-11-26,10:00,2022-11-26,13:00
2022,400235459,22.0,First stage,Group C,POL,KSA,2022-11-26,13:00,2022-11-26,16:00
2022,400235467,23.0,First stage,Group D,FRA,DEN,2022-11-26,16:00,2022-11-26,19:00
2022,400235462,24.0,First stage,Group C,ARG,MEX,2022-11-26,19:00,2022-11-26,22:00
2022,400235474,28.0,First stage,Group E,ESP,GER,2022-11-27,19:00,2022-11-27,22:00
2022,400235471,25.0,First stage,Group E,JPN,CRC,2022-11-27,10:00,2022-11-27,13:00
2022,400235480,26.0,First stage,Group F,BEL,MAR,2022-11-27,13:00,2022-11-27,16:00
2022,400235482,27.0,First stage,Group F,CRO,CAN,2022-11-27,16:00,2022-11-27,19:00
2022,400235485,31.0,First stage,Group G,BRA,SUI,2022-11-28,16:00,2022-11-28,19:00
2022,400235492,32.0,First stage,Group H,POR,URU,2022-11-28,19:00,2022-11-28,22:00
2022,400235487,29.0,First stage,Group G,CMR,SRB,2022-11-28,10:00,2022-11-28,13:00
2022,400235489,30.0,First stage,Group H,KOR,GHA,2022-11-28,13:00,2022-11-28,16:00
2022,400235450,36.0,First stage,Group A,NED,QAT,2022-11-29,15:00,2022-11-29,18:00
2022,400235451,35.0,First stage,Group A,ECU,SEN,2022-11-29,15:00,2022-11-29,18:00
2022,400235454,33.0,First stage,Group B,WAL,ENG,2022-11-29,19:00,2022-11-29,22:00
2022,400235456,34.0,First stage,Group B,IRN,USA,2022-11-29,19:00,2022-11-29,22:00
2022,400235468,37.0,First stage,Group D,AUS,DEN,2022-11-30,15:00,2022-11-30,18:00
2022,400235465,38.0,First stage,Group D,TUN,FRA,2022-11-30,15:00,2022-11-30,18:00
2022,400235464,39.0,First stage,Group C,POL,ARG,2022-11-30,19:00,2022-11-30,22:00
2022,400235460,40.0,First stage,Group C,KSA,MEX,2022-11-30,19:00,2022-11-30,22:00
2022,400235478,41.0,First stage,Group F,CRO,BEL,2022-12-01,15:00,2022-12-01,18:00
2022,400235479,42.0,First stage,Group F,CAN,MAR,2022-12-01,15:00,2022-12-01,18:00
2022,400235475,43.0,First stage,Group E,JPN,ESP,2022-12-01,19:00,2022-12-01,22:00
2022,400235473,44.0,First stage,Group E,CRC,GER,2022-12-01,19:00,2022-12-01,22:00
2022,400235483,48.0,First stage,Group G,CMR,BRA,2022-12-02,19:00,2022-12-02,22:00
2022,400235486,47.0,First stage,Group G,SRB,SUI,2022-12-02,19:00,2022-12-02,22:00
2022,400235494,45.0,First stage,Group H,GHA,URU,2022-12-02,15:00,2022-12-02,18:00
2022,400235490,46.0,First stage,Group H,KOR,POR,2022-12-02,15:00,2022-12-02,18:00
2022,400128136,49.0,Round of 16,,NED,USA,2022-12-03,15:00,2022-12-03,18:00
2022,400128131,50.0,Round of 16,,ARG,AUS,2022-12-03,19:00,2022-12-03,22:00
2022,400128135,52.0,Round of 16,,FRA,POL,2022-12-04,15:00,2022-12-04,18:00
2022,400128134,51.0,Round of 16,,ENG,SEN,2022-12-04,19:00,2022-12-04,22:00
2022,400128132,53.0,Round of 16,,JPN,CRO,2022-12-05,15:00,2022-12-05,18:00
2022,400128133,54.0,Round of 16,,BRA,KOR,2022-12-05,19:00,2022-12-05,22:00
2022,400128130,56.0,Round of 16,,POR,SUI,2022-12-06,19:00,2022-12-06,22:00
2022,400128137,55.0,Round of 16,,MAR,ESP,2022-12-06,15:00,2022-12-06,18:00
2022,400128141,58.0,Quarter-final,,CRO,BRA,2022-12-09,15:00,2022-12-09,18:00
2022,400128139,57.0,Quarter-final,,NED,ARG,2022-12-09,19:00,2022-12-09,22:00
2022,400128140,60.0,Quarter-final,,MAR,POR,2022-12-10,15:00,2022-12-10,18:00
2022,400128138,59.0,Quarter-final,,ENG,FRA,2022-12-10,19:00,2022-12-10,22:00
2022,400128143,61.0,Semi-final,,ARG,CRO,2022-12-13,19:00,2022-12-13,22:00
2022,400128142,62.0,Semi-final,,FRA,MAR,2022-12-14,19:00,2022-12-14,22:00
2022,400128144,63.0,Play-off for third place,,CRO,MAR,2022-12-17,15:00,2022-12-17,18:00
2022,400128145,64.0,Final,,ARG,FRA,2022-12-18,15:00,2022-12-18,18:00
2026,400021443,1.0,First Stage,Group A,MEX,RSA,2026-06-11,19:00,2026-06-11,13:00
2026,400021441,2.0,First Stage,Group A,KOR,CZE,2026-06-12,02:00,2026-06-11,20:00
2026,400021449,3.0,First Stage,Group B,CAN,BIH,2026-06-12,19:00,2026-06-12,15:00
2026,400021458,4.0,First Stage,Group D,USA,PAR,2026-06-13,01:00,2026-06-12,18:00
2026,400021447,8.0,First Stage,Group B,QAT,SUI,2026-06-13,19:00,2026-06-13,12:00
2026,400021456,7.0,First Stage,Group C,BRA,MAR,2026-06-13,22:00,2026-06-13,18:00
2026,400021453,5.0,First Stage,Group C,HAI,SCO,2026-06-14,01:00,2026-06-13,21:00
2026,400021463,6.0,First Stage,Group D,AUS,TUR,2026-06-14,04:00,2026-06-13,21:00
2026,400021464,10.0,First Stage,Group E,GER,CUW,2026-06-14,17:00,2026-06-14,12:00
2026,400021470,11.0,First Stage,Group F,NED,JPN,2026-06-14,20:00,2026-06-14,15:00
2026,400021467,9.0,First Stage,Group E,CIV,ECU,2026-06-14,23:00,2026-06-14,19:00
2026,400021486,13.0,First Stage,Group H,KSA,URU,2026-06-15,22:00,2026-06-15,18:00
2026,400021478,16.0,First Stage,Group G,BEL,EGY,2026-06-15,19:00,2026-06-15,12:00
2026,400021482,14.0,First Stage,Group H,ESP,CPV,2026-06-15,16:00,2026-06-15,12:00
2026,400021474,12.0,First Stage,Group F,SWE,TUN,2026-06-15,02:00,2026-06-14,20:00
2026,400021476,15.0,First Stage,Group G,IRN,NZL,2026-06-16,01:00,2026-06-15,18:00
2026,400021490,17.0,First Stage,Group I,FRA,SEN,2026-06-16,19:00,2026-06-16,15:00
2026,400021488,18.0,First Stage,Group I,IRQ,NOR,2026-06-16,22:00,2026-06-16,18:00
2026,400021496,19.0,First Stage,Group J,ARG,ALG,2026-06-17,01:00,2026-06-16,20:00
2026,400021498,20.0,First Stage,Group J,AUT,JOR,2026-06-17,04:00,2026-06-16,21:00
2026,400021502,23.0,First Stage,Group K,POR,COD,2026-06-17,17:00,2026-06-17,12:00
2026,400021507,22.0,First Stage,Group L,ENG,CRO,2026-06-17,20:00,2026-06-17,15:00
2026,400021510,21.0,First Stage,Group L,GHA,PAN,2026-06-17,23:00,2026-06-17,19:00
2026,400021450,27.0,First Stage,Group B,CAN,QAT,2026-06-18,22:00,2026-06-18,15:00
2026,400021446,26.0,First Stage,Group B,SUI,BIH,2026-06-18,19:00,2026-06-18,12:00
2026,400021440,25.0,First Stage,Group A,CZE,RSA,2026-06-18,16:00,2026-06-18,12:00
2026,400021504,24.0,First Stage,Group K,UZB,COL,2026-06-18,02:00,2026-06-17,20:00
2026,400021442,28.0,First Stage,Group A,MEX,KOR,2026-06-19,01:00,2026-06-18,19:00
2026,400021462,32.0,First Stage,Group D,USA,AUS,2026-06-19,19:00,2026-06-19,12:00
2026,400021454,30.0,First Stage,Group C,SCO,MAR,2026-06-19,22:00,2026-06-19,18:00
2026,400021457,29.0,First Stage,Group C,BRA,HAI,2026-06-20,00:30,2026-06-19,20:30
2026,400021460,31.0,First Stage,Group D,TUR,PAR,2026-06-20,03:00,2026-06-19,20:00
2026,400021472,35.0,First Stage,Group F,NED,SWE,2026-06-20,17:00,2026-06-20,12:00
2026,400021469,33.0,First Stage,Group E,GER,CIV,2026-06-20,20:00,2026-06-20,16:00
2026,400021487,37.0,First Stage,Group H,URU,CPV,2026-06-21,22:00,2026-06-21,18:00
2026,400021483,38.0,First Stage,Group H,ESP,KSA,2026-06-21,16:00,2026-06-21,12:00
2026,400021477,39.0,First Stage,Group G,BEL,IRN,2026-06-21,19:00,2026-06-21,12:00
2026,400021465,34.0,First Stage,Group E,ECU,CUW,2026-06-21,00:00,2026-06-20,19:00
2026,400021475,36.0,First Stage,Group F,TUN,JPN,2026-06-21,04:00,2026-06-20,22:00
2026,400021480,40.0,First Stage,Group G,NZL,EGY,2026-06-22,01:00,2026-06-21,18:00
2026,400021494,43.0,First Stage,Group J,ARG,AUT,2026-06-22,17:00,2026-06-22,12:00
2026,400021492,42.0,First Stage,Group I,FRA,IRQ,2026-06-22,21:00,2026-06-22,17:00
2026,400021491,41.0,First Stage,Group I,NOR,SEN,2026-06-23,00:00,2026-06-22,20:00
2026,400021499,44.0,First Stage,Group J,JOR,ALG,2026-06-23,03:00,2026-06-22,20:00
2026,400021503,47.0,First Stage,Group K,POR,UZB,2026-06-23,17:00,2026-06-23,12:00
2026,400021506,45.0,First Stage,Group L,ENG,GHA,2026-06-23,20:00,2026-06-23,16:00
2026,400021511,46.0,First Stage,Group L,PAN,CRO,2026-06-23,23:00,2026-06-23,19:00
2026,400021452,50.0,First Stage,Group C,MAR,HAI,2026-06-24,22:00,2026-06-24,18:00
2026,400021451,51.0,First Stage,Group B,SUI,CAN,2026-06-24,19:00,2026-06-24,12:00
2026,400021455,49.0,First Stage,Group C,SCO,BRA,2026-06-24,22:00,2026-06-24,18:00
2026,400021501,48.0,First Stage,Group K,COL,COD,2026-06-24,02:00,2026-06-23,20:00
2026,400021448,52.0,First Stage,Group B,BIH,QAT,2026-06-24,19:00,2026-06-24,12:00
2026,400021445,54.0,First Stage,Group A,RSA,KOR,2026-06-25,01:00,2026-06-24,19:00
2026,400021444,53.0,First Stage,Group A,CZE,MEX,2026-06-25,01:00,2026-06-24,19:00
2026,400021468,55.0,First Stage,Group E,CUW,CIV,2026-06-25,20:00,2026-06-25,16:00
2026,400021466,56.0,First Stage,Group E,ECU,GER,2026-06-25,20:00,2026-06-25,16:00
2026,400021473,58.0,First Stage,Group F,TUN,NED,2026-06-25,23:00,2026-06-25,18:00
2026,400021471,57.0,First Stage,Group F,JPN,SWE,2026-06-25,23:00,2026-06-25,18:00
2026,400021461,60.0,First Stage,Group D,PAR,AUS,2026-06-26,02:00,2026-06-25,19:00
2026,400021459,59.0,First Stage,Group D,TUR,USA,2026-06-26,02:00,2026-06-25,19:00
2026,400021493,62.0,First Stage,Group I,SEN,IRQ,2026-06-26,19:00,2026-06-26,15:00
2026,400021489,61.0,First Stage,Group I,NOR,FRA,2026-06-26,19:00,2026-06-26,15:00
2026,400021505,71.0,First Stage,Group K,COL,POR,2026-06-27,23:30,2026-06-27,19:30
2026,400021500,72.0,First Stage,Group K,COD,UZB,2026-06-27,23:30,2026-06-27,19:30
2026,400021509,68.0,First Stage,Group L,CRO,GHA,2026-06-27,21:00,2026-06-27,17:00
2026,400021508,67.0,First Stage,Group L,PAN,ENG,2026-06-27,21:00,2026-06-27,17:00
2026,400021485,65.0,First Stage,Group H,CPV,KSA,2026-06-27,00:00,2026-06-26,19:00
2026,400021481,64.0,First Stage,Group G,NZL,BEL,2026-06-27,03:00,2026-06-26,20:00
2026,400021479,63.0,First Stage,Group G,EGY,IRN,2026-06-27,03:00,2026-06-26,20:00
2026,400021484,66.0,First Stage,Group H,URU,ESP,2026-06-27,00:00,2026-06-26,18:00
2026,400021497,69.0,First Stage,Group J,ALG,AUT,2026-06-28,02:00,2026-06-27,21:00
2026,400021495,70.0,First Stage,Group J,JOR,ARG,2026-06-28,02:00,2026-06-27,21:00
2026,400021518,73.0,Round of 32,,,,2026-06-28,19:00,2026-06-28,12:00
2026,400021513,74.0,Round of 32,,,,2026-06-29,20:30,2026-06-29,16:30
2026,400021516,76.0,Round of 32,,,,2026-06-29,17:00,2026-06-29,12:00
2026,400021523,77.0,Round of 32,,,,2026-06-30,21:00,2026-06-30,17:00
2026,400021514,78.0,Round of 32,,,,2026-06-30,17:00,2026-06-30,12:00
2026,400021522,75.0,Round of 32,,,,2026-06-30,01:00,2026-06-29,19:00
2026,400021520,79.0,Round of 32,,,,2026-07-01,01:00,2026-06-30,19:00
2026,400021512,80.0,Round of 32,,,,2026-07-01,16:00,2026-07-01,12:00
2026,400021525,82.0,Round of 32,,,,2026-07-01,20:00,2026-07-01,13:00
2026,400021524,81.0,Round of 32,,,,2026-07-02,00:00,2026-07-01,17:00
2026,400021519,84.0,Round of 32,,,,2026-07-02,19:00,2026-07-02,12:00
2026,400021526,83.0,Round of 32,,,,2026-07-02,23:00,2026-07-02,19:00
2026,400021527,85.0,Round of 32,,,,2026-07-03,03:00,2026-07-02,20:00
2026,400021515,88.0,Round of 32,,,,2026-07-03,18:00,2026-07-03,13:00
2026,400021521,86.0,Round of 32,,,,2026-07-03,22:00,2026-07-03,18:00
2026,400021533,89.0,Round of 16,,,,2026-07-04,21:00,2026-07-04,17:00
2026,400021517,87.0,Round of 32,,,,2026-07-04,01:30,2026-07-03,20:30
2026,400021530,90.0,Round of 16,,,,2026-07-04,17:00,2026-07-04,12:00
2026,400021532,91.0,Round of 16,,,,2026-07-05,20:00,2026-07-05,16:00
2026,400021531,92.0,Round of 16,,,,2026-07-06,00:00,2026-07-05,18:00
2026,400021529,93.0,Round of 16,,,,2026-07-06,19:00,2026-07-06,14:00
2026,400021534,94.0,Round of 16,,,,2026-07-07,00:00,2026-07-06,17:00
2026,400021528,95.0,Round of 16,,,,2026-07-07,16:00,2026-07-07,12:00
2026,400021535,96.0,Round of 16,,,,2026-07-07,20:00,2026-07-07,13:00
2026,400021536,97.0,Quarter-final,,,,2026-07-09,20:00,2026-07-09,16:00
2026,400021538,98.0,Quarter-final,,,,2026-07-10,19:00,2026-07-10,12:00
2026,400021539,99.0,Quarter-final,,,,2026-07-11,21:00,2026-07-11,17:00
2026,400021537,100.0,Quarter-final,,,,2026-07-12,01:00,2026-07-11,20:00
2026,400021541,101.0,Semi-final,,,,2026-07-14,19:00,2026-07-14,14:00
2026,400021540,102.0,Semi-final,,,,2026-07-15,19:00,2026-07-15,15:00
2026,400021542,103.0,Play-off for third place,,,,2026-07-18,21:00,2026-07-18,17:00
2026,400021543,104.0,Final,,,,2026-07-19,19:00,2026-07-19,15:00
